CARD,POS,TYPE,HAND,WGT,HGT,NAME,SYN,OVR,AOVR,ACC,AGI,BAL,END,SPD,SSA,SSP,WSA,WSP,DEK,OAW,HAE,PAS,PC,CHK,STR,AGR,DUR,FS,DAW,BLK,SCH,FO,DIS
BASE:MSP,C,TWF,LEFT,178 lb,6' 2",MATTY BENIERS,  ,93,93.15,93,97,93,89,93,92,96,93,96,96,94,93,94,94,92,93,92,94,67,93,86,94,86,94
BASE:MSP,C,TWF,LEFT,178 lb,6' 2",MATTY BENIERS,  ,92,92.15,92,96,92,88,92,91,95,92,95,95,93,92,93,93,91,92,91,93,67,92,85,93,85,93
BASE:MSP,C,TWF,LEFT,178 lb,6' 2",MATTY BENIERS,  ,91,91.25,92,95,91,87,92,90,94,91,94,94,92,91,92,92,90,91,90,92,67,91,84,92,84,92
BASE:MSP,C,TWF,LEFT,178 lb,6' 2",MATTY BENIERS,  ,90,90.25,91,94,90,86,91,89,93,90,93,93,91,90,91,91,89,90,89,91,67,90,83,91,83,91
BASE:MSP,C,TWF,LEFT,178 lb,6' 2",MATTY BENIERS,  ,89,89.35,91,93,89,85,91,88,92,89,92,92,90,89,90,90,88,89,88,90,67,89,82,90,82,90
BASE:MSP,C,TWF,LEFT,178 lb,6' 2",MATTY BENIERS, ,88,88.35,90,92,88,84,90,87,91,88,91,91,89,88,89,89,87,88,87,89,67,88,81,89,81,89
BASE,C,PLY,LEFT,194 lb,6' 1",CONNOR MCDAVID,,87,87.65,94,93,83,84,94,89,85,92,86,92,93,93,93,93,79,81,80,80,65,85,76,88,82,65
BASE,C,SNP,LEFT,205 lb,6' 3",AUSTON MATTHEWS,,87,86.55,86,84,85,83,86,91,89,92,89,87,92,90,88,90,80,85,80,80,65,89,76,89,82,85
BASE,C,PLY,RIGHT,201 lb,6' 0",NATHAN MACKINNON,,87,86.90,92,90,85,83,92,87,87,89,86,89,91,89,89,90,81,84,80,80,70,88,78,88,82,80
BASE:MSP,C,TWF,LEFT,178 lb,6' 2",MATTY BENIERS, ,87,87.45,90,91,87,83,90,86,90,87,90,90,88,87,88,88,86,87,86,88,67,87,80,88,80,88
BASE,LW,SNP,RIGHT,236 lb,6' 3",ALEX OVECHKIN,,86,87.00,85,82,89,84,85,91,92,90,90,84,93,89,85,88,87,89,86,81,80,84,79,88,61,76
BASE,C,PLY,LEFT,201 lb,5' 11",SIDNEY CROSBY,,86,85.90,88,85,86,83,88,86,86,86,85,88,89,87,88,88,81,85,80,80,75,89,81,89,83,80
BASE,RD,OFD,RIGHT,187 lb,5' 11",CALE MAKAR,,86,86.60,93,91,81,85,93,82,86,83,85,92,91,87,91,92,77,80,80,80,65,89,84,90,55,80
BASE,LD,TWD,LEFT,201 lb,6' 2",ROMAN JOSI,,86,85.85,87,84,86,89,86,82,88,81,87,81,88,82,88,88,83,88,81,85,70,92,86,90,51,81
BASE,C,SNP,LEFT,207 lb,6' 2",LEON DRAISAITL,,86,86.15,86,83,87,83,86,89,87,90,87,88,92,89,89,90,80,87,80,80,70,86,76,88,81,75
BASE,LD,TWD,LEFT,240 lb,6' 6",VICTOR HEDMAN,,86,85.45,85,83,90,86,85,78,88,78,87,78,88,80,87,88,87,89,84,78,75,90,87,91,51,71
BASE:MSP,C,TWF,LEFT,178 lb,6' 2",MATTY BENIERS, ,86,86.45,89,90,86,82,89,85,89,86,89,89,87,86,87,87,85,86,85,87,67,86,79,87,79,87
BASE,LW,SNP,LEFT,183 lb,6' 1",KYLE CONNOR,,85,85.30,88,87,82,83,87,88,86,89,86,88,91,89,88,88,78,82,78,81,70,85,78,85,66,81
BASE,C,PLY,LEFT,183 lb,6' 0",TREVOR ZEGRAS,,85,85.35,88,88,82,81,88,87,85,89,85,91,91,90,91,92,76,82,78,83,65,86,73,84,80,83
BASE,LW,PLY,LEFT,203 lb,6' 1",JONATHAN HUBERDEAU,,85,85.35,88,87,83,83,88,86,84,87,85,89,91,89,90,90,75,83,77,80,65,86,79,87,67,77
BASE,RW,SNP,LEFT,176 lb,5' 10",PATRICK KANE,,85,85.25,92,91,79,83,89,90,84,92,84,91,92,91,91,91,70,79,70,80,65,86,74,86,60,65
BASE,RD,OFD,RIGHT,181 lb,5' 11",ADAM FOX,,85,85.55,90,90,82,83,89,82,85,82,85,89,92,83,89,92,79,82,78,81,70,87,84,88,51,81
BASE,LW,PLY,RIGHT,168 lb,5' 11",ARTEMI PANARIN,,85,85.00,89,88,80,84,89,89,84,89,86,91,91,90,90,90,73,79,69,83,65,85,75,89,60,80
BASE,RW,SNP,LEFT,179 lb,5' 11",NIKITA KUCHEROV,,85,85.50,90,89,80,82,89,89,86,90,86,91,91,90,90,90,75,81,75,75,65,83,79,84,60,79
BASE,C,TWF,LEFT,214 lb,6' 3",ALEKSANDER BARKOV,,85,84.60,86,81,85,82,85,84,85,85,84,85,87,85,87,87,81,84,79,81,75,89,83,88,81,84
BASE,LW,PWF,LEFT,202 lb,6' 2",MATTHEW TKACHUK,,85,85.35,85,82,87,83,85,86,87,87,85,84,87,87,86,86,86,86,87,84,80,85,80,86,60,65
BASE,LW,SNP,LEFT,203 lb,5' 10",KIRILL KAPRIZOV,,85,84.80,88,87,82,82,88,88,85,87,85,89,91,89,89,89,75,83,77,82,68,83,72,87,60,80
BASE,RW,PLY,RIGHT,172 lb,6' 0",MITCHELL MARNER,,85,85.50,89,89,85,83,87,88,84,89,84,90,91,89,92,91,74,82,78,81,65,84,75,86,56,81
BASE:MSP,C,TWF,LEFT,178 lb,6' 2",MATTY BENIERS, ,85,85.55,89,89,85,81,89,84,88,85,88,88,86,85,86,86,84,85,84,86,67,85,78,86,78,86
BASE,RD,TWD,RIGHT,216 lb,6' 3",JOHN CARLSON,,84,84.25,84,82,83,85,85,81,88,80,88,80,88,81,89,88,82,83,80,80,76,87,85,86,50,80
BASE,C,PLY,LEFT,194 lb,6' 3",EVGENI MALKIN,,84,84.85,85,83,86,83,85,85,87,85,87,88,88,85,88,88,83,87,82,78,70,82,77,83,79,70
BASE,LW,PLY,LEFT,165 lb,5' 9",JOHNNY GAUDREAU,,84,84.20,90,89,80,82,90,86,83,87,84,91,91,88,89,90,71,78,75,85,66,82,73,85,60,90
BASE,RW,SNP,RIGHT,194 lb,6' 0",DAVID PASTRNAK,,84,84.75,89,80,81,82,89,89,84,89,84,90,91,90,90,91,75,81,75,77,65,84,76,85,60,78
BASE,LW,TWF,LEFT,181 lb,5' 9",BRAD MARCHAND,,84,84.45,85,83,81,81,85,88,82,88,82,86,88,87,87,87,82,81,86,82,80,85,79,86,68,64
BASE,C,PLY,LEFT,198 lb,6' 1",DYLAN LARKIN,,84,84.10,90,86,80,86,90,81,83,81,83,86,87,84,86,86,79,81,79,82,70,87,82,85,79,75
BASE,C,PLY,RIGHT,214 lb,6' 2",JACK EICHEL,,84,84.80,88,87,82,84,89,86,87,89,86,87,87,87,87,87,80,82,79,80,75,81,77,84,79,77
BASE,LW,PWF,LEFT,216 lb,6' 1",GABRIEL LANDESKOG,,84,84.15,85,82,84,83,84,84,85,84,85,84,86,84,86,86,84,86,82,80,80,85,80,84,79,75
BASE,RW,SNP,LEFT,216 lb,6' 4",MIKKO RANTANEN,,84,84.35,85,85,83,84,85,86,86,87,84,86,89,86,87,87,78,83,78,80,80,83,79,86,59,77
BASE,C,PLY,RIGHT,194 lb,6' 1",STEVEN STAMKOS,,84,84.90,91,88,83,82,89,87,89,85,87,88,88,85,88,88,78,83,78,70,77,83,75,83,81,79
BASE,C,TWF,LEFT,225 lb,6' 3",ANZE KOPITAR,,84,84.15,83,81,85,85,83,84,86,84,85,84,85,84,85,85,83,86,80,80,70,87,81,87,84,80
BASE:MSP,C,TWF,LEFT,178 lb,6' 2",MATTY BENIERS,,84,83.65,88,87,83,79,88,82,86,83,86,86,84,83,84,84,82,83,82,84,67,83,76,84,76,84
BASE,C,PLY,RIGHT,207 lb,6' 3",MARK SCHEIFELE,,83,83.50,87,84,82,84,87,84,85,87,84,86,86,84,86,86,79,81,79,82,70,81,76,82,79,81
BASE,RW,SNP,RIGHT,209 lb,6' 5",PATRIK LAINE,,83,83.55,84,82,83,82,85,87,89,89,88,87,87,89,83,86,78,83,78,85,65,80,70,81,60,80
BASE,C,TWF,RIGHT,196 lb,6' 1",PATRICE BERGERON,,83,82.70,85,82,82,81,85,81,82,81,82,84,84,84,84,84,78,82,74,74,70,90,82,87,87,81
BASE,LW,SNP,LEFT,201 lb,6' 3",JASON ROBERTSON,,83,82.90,83,81,82,79,82,86,86,87,85,86,86,87,85,85,79,82,79,79,75,82,74,82,61,79
BASE,C,PLY,RIGHT,194 lb,6' 0",ELIAS LINDHOLM,,83,82.50,86,83,79,81,86,83,81,83,81,84,86,83,85,85,76,80,76,79,65,87,79,86,80,82
BASE,C,TWF,LEFT,192 lb,6' 0",NAZEM KADRI,,83,83.65,86,84,82,80,86,83,84,83,83,83,85,84,84,85,82,83,86,81,75,85,81,84,80,70
BASE,C,TWF,LEFT,176 lb,6' 0",SEBASTIAN AHO,,83,83.15,86,83,79,83,86,86,83,85,82,86,86,85,87,86,76,78,75,83,65,84,81,86,79,79
BASE,RW,SNP,LEFT,194 lb,6' 2",ANDREI SVECHNIKOV,,83,83.90,85,84,83,80,85,87,88,87,87,84,87,86,86,87,80,83,80,80,75,81,75,83,60,75
BASE,C,PLY,LEFT,176 lb,5' 11",JACK HUGHES,,83,83.50,89,88,77,81,87,86,83,86,86,89,88,86,88,88,74,77,76,81,65,84,73,84,79,81
BASE,RD,TWD,RIGHT,229 lb,6' 6",DOUGIE HAMILTON,,83,82.90,86,82,82,84,85,81,86,82,84,80,86,79,87,87,79,82,78,79,67,83,81,84,49,76
BASE,RW,TWF,RIGHT,220 lb,6' 3",MARK STONE,,83,83.25,82,81,83,83,82,84,86,84,85,82,85,84,84,84,82,83,82,82,75,85,78,86,61,79
BASE,C,PLY,RIGHT,187 lb,6' 1",MATHEW BARZAL,,83,83.40,90,85,79,83,92,84,82,85,83,88,86,87,89,89,75,80,75,85,65,83,72,81,78,80
BASE,LW,TWF,RIGHT,205 lb,6' 2",FILIP FORSBERG,,83,83.00,86,83,82,81,85,83,83,86,84,86,87,86,86,85,78,82,78,74,70,82,74,83,64,78
BASE,LW,PWF,LEFT,216 lb,6' 3",CHRIS KREIDER,,83,83.40,84,80,86,82,86,84,85,84,85,83,87,84,81,83,84,86,82,80,80,81,77,84,70,75
BASE,C,SNP,RIGHT,207 lb,6' 2",MIKA ZIBANEJAD,,83,83.85,88,85,82,85,87,83,83,84,83,85,86,85,86,85,80,83,80,84,75,83,78,86,78,83
BASE,RW,SNP,RIGHT,165 lb,5' 7",ALEX DEBRINCAT,,83,83.45,89,87,77,82,89,87,83,89,84,88,90,88,87,88,70,80,70,85,67,82,74,85,60,90
BASE,C,TWF,LEFT,216 lb,6' 1",RYAN O'REILLY,,83,82.75,82,80,83,84,82,81,82,82,83,83,83,83,84,83,81,83,81,84,75,85,83,87,88,89
BASE,RW,SNP,LEFT,225 lb,6' 0",VLADIMIR TARASENKO,,83,83.10,87,84,83,81,87,84,86,85,84,85,86,84,85,84,78,83,78,69,65,82,74,82,54,82
BASE,C,PLY,RIGHT,183 lb,5' 10",BRAYDEN POINT,,83,82.95,89,87,79,82,87,86,83,87,83,86,86,84,86,86,74,79,69,83,65,82,79,85,79,84
BASE,LD,TWD,LEFT,220 lb,6' 1",MORGAN RIELLY,,83,83.60,88,86,82,85,88,78,83,79,83,86,86,82,86,86,80,82,78,80,70,85,83,86,50,85
BASE,LD,OFD,LEFT,170 lb,5' 10",QUINN HUGHES,,83,83.40,90,88,80,81,90,82,82,83,81,88,88,86,88,88,75,78,76,79,73,82,79,83,49,82
BASE,LW,TWF,LEFT,218 lb,6' 1",J.T. MILLER,,83,82.95,84,81,84,79,85,83,85,83,83,81,85,84,84,84,83,84,83,81,75,83,79,82,79,74
BASE,RD,TWD,RIGHT,202 lb,6' 1",DREW DOUGHTY,,83,82.80,86,83,82,84,86,78,86,79,84,82,84,77,85,86,79,82,79,79,75,86,84,84,49,74
BASE,C,TWF,LEFT,212 lb,6' 4",SEAN COUTURIER,,83,82.95,85,81,83,85,85,82,83,83,82,82,84,83,85,84,81,83,79,83,70,84,82,83,83,77
BASE,RW,PLY,RIGHT,225 lb,6' 5",BLAKE WHEELER,,82,81.60,83,79,83,82,83,79,84,80,83,83,82,79,83,83,80,84,80,80,75,82,77,83,63,73
BASE,C,PWF,LEFT,218 lb,6' 3",PIERRE-LUC DUBOIS,,82,82.10,84,81,84,81,84,81,83,81,83,79,81,81,82,82,84,84,84,79,75,81,78,84,78,69
BASE,C,PLY,LEFT,205 lb,6' 1",EVGENY KUZNETSOV,,82,82.25,90,87,80,82,90,83,83,83,82,86,86,84,86,86,72,79,74,81,65,81,69,82,78,79
BASE,RW,PWF,RIGHT,220 lb,6' 4",TOM WILSON,,82,82.30,82,79,86,82,83,82,82,82,82,79,82,82,82,82,86,87,88,82,87,80,75,83,59,59
BASE,C,PLY,LEFT,203 lb,6' 1",NICKLAS BACKSTROM,,82,82.25,87,85,81,83,87,80,82,81,82,84,85,81,85,85,75,80,75,80,65,84,78,85,77,81
BASE,RD,OFD,RIGHT,190 lb,6' 3",JOHN KLINGBERG,,82,82.75,87,85,80,83,87,79,85,80,85,85,85,80,86,85,78,80,75,78,65,84,80,86,50,79
BASE,LD,OFD,LEFT,181 lb,5' 11",SHAYNE GOSTISBEHERE,,82,82.75,84,85,81,80,84,83,84,81,83,87,85,83,87,87,76,80,77,80,70,82,81,85,50,80
BASE,LW,PLY,LEFT,170 lb,5' 10",CLAYTON KELLER,,82,82.95,88,87,79,80,87,84,82,83,82,89,88,87,88,87,73,78,75,80,65,84,75,83,68,85
BASE,RD,TWD,RIGHT,201 lb,6' 0",KRIS LETANG,,82,82.00,86,83,79,84,86,76,84,77,83,79,85,78,85,84,81,79,79,74,75,85,82,85,49,74
BASE,LW,SNP,LEFT,181 lb,5' 7",JAKE GUENTZEL,,82,82.70,86,83,80,83,86,84,82,85,82,83,85,85,85,85,77,79,78,84,65,83,79,84,64,77
BASE,RW,PLY,LEFT,214 lb,6' 2",JAKUB VORACEK,,82,82.10,85,84,83,82,85,80,84,81,84,85,84,82,84,84,78,83,77,80,75,80,75,82,60,82
BASE,LD,TWD,LEFT,190 lb,6' 1",MIRO HEISKANEN,,82,82.60,85,82,80,87,85,80,83,80,83,85,84,79,86,84,78,80,77,84,65,84,85,85,49,79
BASE,LW,SNP,LEFT,205 lb,6' 1",TAYLOR HALL,,82,82.85,89,85,82,80,90,82,85,82,85,84,84,84,82,83,80,83,80,75,70,81,75,81,65,79
BASE,RD,TWD,RIGHT,207 lb,6' 0",CHARLIE MCAVOY,,82,82.45,85,82,82,84,86,77,83,78,82,80,85,76,85,85,81,83,79,79,75,85,85,86,49,74
BASE,C,TWF,LEFT,209 lb,6' 3",ROOPE HINTZ,,82,82.85,84,82,83,82,85,83,83,84,83,82,84,83,83,83,83,83,82,80,75,83,79,83,77,80
BASE,RW,TWF,RIGHT,194 lb,5' 11",JOE PAVELSKI,,82,82.30,82,83,80,80,82,84,82,84,82,82,87,91,86,87,76,80,75,75,75,84,75,84,76,83
BASE,C,PLY,RIGHT,201 lb,6' 1",TYLER SEGUIN,,82,82.15,87,84,81,81,87,82,87,82,87,83,83,82,83,83,77,81,77,74,65,81,74,81,78,77
BASE,C,PWF,RIGHT,218 lb,6' 6",TAGE THOMPSON,,82,81.75,84,80,84,77,84,83,83,83,83,81,83,82,82,82,81,84,81,79,75,81,74,83,78,74
BASE,RW,PWF,RIGHT,216 lb,6' 4",ALEX TUCH,,82,82.10,83,80,85,80,83,82,83,82,83,82,83,82,82,82,82,85,80,80,70,83,78,82,65,80
BASE,LD,TWD,LEFT,207 lb,6' 2",RASMUS DAHLIN,,82,82.05,85,82,81,82,84,79,83,78,83,79,84,79,85,85,79,82,79,79,70,84,83,85,49,74
BASE,LW,TWF,LEFT,198 lb,6' 1",TYLER BERTUZZI,,82,82.80,85,82,82,82,85,82,83,83,82,83,84,83,83,83,82,82,84,82,80,84,80,82,60,70
BASE,LW,TWF,RIGHT,201 lb,6' 0",DAVID PERRON,,82,82.45,84,82,83,82,84,82,84,83,83,82,84,83,83,84,80,83,80,72,75,83,77,83,60,75
BASE,RD,TWD,RIGHT,196 lb,6' 4",MORITZ SEIDER,,82,82.20,83,82,85,80,83,76,83,78,83,79,84,79,84,83,85,83,83,80,75,85,83,83,45,77
BASE,RD,OFD,RIGHT,229 lb,6' 5",BRENT BURNS,,82,82.10,82,79,85,82,82,76,86,78,86,79,84,79,84,83,84,85,82,79,80,80,82,84,49,74
BASE,LW,SNP,LEFT,205 lb,6' 2",MAX PACIORETTY,,82,82.30,85,82,81,81,85,83,84,85,84,82,86,84,83,83,79,81,79,74,75,80,74,85,61,77
BASE,LW,PLY,LEFT,192 lb,5' 11",TEUVO TERAVAINEN,,82,82.55,89,87,78,82,88,84,83,84,82,88,87,86,87,87,73,78,70,85,60,82,75,81,60,82
BASE,RD,TWD,RIGHT,209 lb,6' 3",ALEX PIETRANGELO,,82,81.85,84,81,82,84,84,76,84,77,84,77,84,74,84,84,81,84,79,79,75,86,84,84,49,77
BASE,C,TWF,LEFT,194 lb,6' 1",NICO HISCHIER,,82,82.30,87,85,80,82,87,83,82,83,82,85,85,83,84,84,79,80,79,78,65,83,70,83,77,85
BASE,LD,TWD,LEFT,194 lb,6' 2",SHEA THEODORE,,82,82.30,84,80,82,85,84,77,85,79,85,81,84,78,86,85,80,82,78,84,70,85,82,84,50,80
BASE,C,PLY,RIGHT,205 lb,5' 11",NICK SUZUKI,,82,81.95,88,86,78,80,87,82,83,83,82,87,87,83,87,86,73,78,75,80,65,83,70,81,77,80
BASE,RW,TWF,LEFT,209 lb,6' 4",VALERI NICHUSHKIN,,82,81.60,85,82,82,78,85,82,82,82,82,82,82,81,82,82,79,83,78,80,65,83,77,83,59,74
BASE,LD,OFD,LEFT,170 lb,5' 10",SAMUEL GIRARD,,82,82.85,89,87,81,83,89,81,83,81,82,85,87,81,87,87,73,78,75,80,65,84,80,84,55,90
BASE,C,PLY,LEFT,194 lb,5' 11",MATT DUCHENE,,82,82.15,89,86,79,83,90,83,82,83,82,83,83,83,83,83,77,80,77,81,75,82,74,81,78,84
BASE,C,PLY,RIGHT,218 lb,6' 3",RYAN JOHANSEN,,82,82.45,84,82,84,83,85,82,85,82,84,82,83,82,83,83,80,85,81,80,65,82,75,82,80,75
BASE,C,TWF,RIGHT,205 lb,6' 3",DRAKE BATHERSON,,82,82.55,83,81,83,80,85,84,84,84,83,84,85,84,84,84,80,83,80,80,70,82,75,83,77,75
BASE,LD,TWD,LEFT,196 lb,6' 2",THOMAS CHABOT,,82,82.50,85,82,82,85,85,78,85,79,84,79,85,78,85,85,80,82,79,80,70,85,83,84,50,79
BASE,LW,PWF,LEFT,212 lb,6' 4",BRADY TKACHUK,,82,82.10,84,81,84,79,84,81,82,82,82,81,82,82,82,82,84,84,84,79,80,81,76,85,64,64
BASE,C,PLY,RIGHT,185 lb,5' 11",CLAUDE GIROUX,,82,83.00,87,85,79,85,87,85,82,85,81,87,86,86,86,85,77,79,77,85,70,83,75,83,85,80
BASE,C,PLY,LEFT,205 lb,6' 1",LOGAN COUTURE,,82,82.45,86,84,80,83,86,82,82,83,82,85,85,84,84,84,77,80,79,84,70,84,77,82,77,82
BASE,RD,OFD,RIGHT,190 lb,6' 0",ERIK KARLSSON,,82,82.05,87,85,80,82,87,79,83,79,83,85,83,81,86,85,76,80,74,69,65,83,79,84,49,79
BASE,RW,PWF,LEFT,216 lb,6' 0",TIMO MEIER,,82,82.30,84,81,82,81,84,82,83,84,82,81,84,83,83,83,82,82,82,82,75,82,77,84,59,69
BASE,C,SNP,LEFT,214 lb,6' 3",TOMAS HERTL,,82,81.95,85,83,83,82,85,82,83,84,82,84,84,82,84,84,79,83,77,81,65,82,70,81,78,76
BASE,LW,PWF,LEFT,210 lb,6' 2",EVANDER KANE,,82,82.20,86,83,83,83,86,82,83,82,82,82,83,82,81,82,84,83,83,81,84,79,74,81,69,69
BASE,RW,PLY,LEFT,196 lb,6' 1",PAVEL BUCHNEVICH,,82,82.60,87,85,80,80,85,84,83,85,83,85,86,85,87,86,76,80,76,80,65,82,73,84,60,75
BASE,C,TWF,LEFT,201 lb,6' 1",BRAYDEN SCHENN,,82,82.85,83,82,83,83,83,84,83,83,83,83,84,83,84,84,82,83,83,80,80,82,78,84,77,75
BASE,RW,TWF,RIGHT,187 lb,6' 0",ROBERT THOMAS,,82,82.90,86,84,80,80,85,83,82,84,82,85,85,84,85,85,79,81,79,82,70,84,80,85,70,80
BASE,RW,PLY,RIGHT,195 lb,6' 1",JORDAN KYROU,,82,82.20,88,86,79,79,88,83,82,83,82,88,87,84,88,87,72,79,72,80,65,83,72,82,65,85
BASE,RW,PLY,RIGHT,196 lb,6' 0",WILLIAM NYLANDER,,82,82.60,87,87,80,82,87,83,82,83,82,87,87,84,87,87,75,80,78,80,65,82,70,82,65,85
BASE,C,SNP,LEFT,212 lb,6' 1",JOHN TAVARES,,82,82.85,83,82,84,83,84,84,86,84,85,84,84,84,84,85,78,82,78,84,70,81,78,84,82,79
BASE,C,TWF,LEFT,176 lb,6' 2",ELIAS PETTERSSON,,82,81.65,86,84,79,81,86,84,84,84,84,86,86,74,85,85,74,79,74,79,65,82,74,82,78,77
BASE,C,TWF,LEFT,216 lb,6' 0",BO HORVAT,,82,82.75,84,82,83,84,84,82,83,83,82,82,82,82,83,83,83,83,82,83,75,83,80,85,87,80
BASE,RW,SNP,RIGHT,207 lb,6' 1",BROCK BOESER,,82,82.80,86,84,82,83,86,84,85,85,86,83,83,85,83,83,79,82,79,77,67,81,75,82,65,80
BASE,RD,TWD,RIGHT,216 lb,6' 4",AARON EKBLAD,,82,82.45,84,81,82,84,84,78,84,79,84,79,83,76,84,84,81,83,81,79,75,86,85,87,49,74
BASE,RD,OFD,RIGHT,181 lb,5' 11",TONY DEANGELO,,82,82.45,88,85,81,79,88,80,84,80,83,84,86,81,86,86,79,80,79,79,67,79,80,81,54,74
BASE,RD,OFD,RIGHT,186 lb,5' 11",NEAL PIONK,,81,80.75,86,83,79,82,86,78,82,79,82,83,83,74,83,82,79,79,71,79,70,82,79,83,49,79
BASE,LD,TWD,LEFT,194 lb,6' 0",JOSH MORRISSEY,,81,81.65,85,82,79,86,85,76,84,78,83,79,83,76,84,83,81,79,81,73,75,83,82,84,49,74
BASE,LW,PLY,LEFT,172 lb,6' 0",NIKOLAJ EHLERS,,81,81.80,89,86,78,81,89,82,82,84,82,87,84,84,84,85,72,78,74,74,63,81,73,81,59,82
BASE,RW,TWF,RIGHT,190 lb,5' 11",T.J. OSHIE,,81,82.10,87,85,80,83,87,82,82,82,82,85,82,82,82,82,80,80,80,78,75,80,77,82,69,78
BASE,RW,SNP,LEFT,234 lb,6' 5",ANTHONY MANTHA,,81,81.50,84,82,84,82,84,81,84,81,84,81,81,81,81,81,79,84,81,76,70,79,74,82,61,69
BASE,C,PLY,LEFT,201 lb,6' 3",DYLAN STROME,,81,81.55,84,82,83,81,84,82,82,82,83,83,82,82,83,83,78,83,78,85,70,79,75,82,76,79
BASE,LD,TWD,LEFT,207 lb,6' 1",CAM FOWLER,,81,81.55,85,82,82,86,86,77,83,78,82,81,83,79,84,84,77,82,77,72,70,82,80,81,49,84
BASE,C,PLY,RIGHT,194 lb,6' 1",RYAN STROME,,81,81.75,86,84,80,80,86,82,83,82,82,84,84,82,84,84,80,80,80,80,65,82,70,80,76,75
BASE,RW,TWF,RIGHT,181 lb,6' 0",TROY TERRY,,81,81.50,85,83,79,78,85,84,82,86,82,83,84,83,82,83,78,79,77,79,70,81,74,82,64,78
BASE,LD,TWD,LEFT,209 lb,6' 2",JAKOB CHYCHRUN,,81,81.30,84,81,82,83,84,76,83,77,82,79,82,76,82,81,82,82,82,71,80,82,82,84,49,69
BASE,C,TWF,RIGHT,176 lb,6' 0",NICK SCHMALTZ,,81,81.10,85,82,79,79,85,82,82,82,81,83,83,82,83,83,77,79,77,79,70,81,76,81,77,79
BASE,RW,TWF,RIGHT,192 lb,5' 11",BRYAN RUST,,81,82.05,85,83,80,83,85,82,82,82,83,81,84,82,82,83,80,81,78,79,70,82,80,83,59,81
BASE,RW,PLY,RIGHT,203 lb,6' 1",RICKARD RAKELL,,81,81.25,86,83,82,82,86,81,81,81,81,82,82,81,81,81,79,81,79,77,65,81,76,79,61,84
BASE,RD,OFD,RIGHT,190 lb,6' 0",ADAM BOQVIST,,81,81.65,87,85,78,80,87,81,83,81,83,84,83,81,84,84,75,79,75,80,60,82,80,81,50,80
BASE,C,TWF,LEFT,207 lb,6' 2",BOONE JENNER,,81,81.40,82,80,83,80,82,80,82,80,82,80,81,80,81,81,83,83,83,80,80,82,80,83,78,75
BASE,C,TWF,RIGHT,187 lb,6' 1",JACK ROSLOVIC,,81,81.35,85,83,80,80,85,82,82,82,82,83,82,82,82,82,80,80,79,80,75,80,75,81,76,85
BASE,LD,TWD,LEFT,218 lb,6' 2",ZACH WERENSKI,,81,81.00,85,81,81,84,85,75,82,76,81,75,82,75,82,82,81,82,79,79,77,85,83,84,49,74
BASE,LD,TWD,LEFT,207 lb,6' 4",HAMPUS LINDHOLM,,81,81.65,85,83,82,85,85,76,82,77,82,80,81,75,84,83,79,82,78,80,70,84,85,85,50,78
BASE,C,PWF,LEFT,209 lb,6' 3",PAVEL ZACHA,,81,81.45,82,80,84,83,82,80,83,80,83,80,80,80,80,80,82,84,82,80,75,82,79,83,76,75
BASE,LD,OFD,LEFT,174 lb,5' 11",MATT GRZELCYK,,81,81.35,87,85,78,80,87,77,82,79,82,85,83,75,83,83,76,79,77,77,65,83,82,84,50,85
BASE,C,PWF,RIGHT,214 lb,6' 3",CHARLIE COYLE,,81,81.10,82,80,85,80,82,80,84,80,83,80,80,80,80,80,82,85,81,80,80,80,77,81,76,75
BASE,LW,PWF,LEFT,209 lb,6' 2",JAMIE BENN,,81,81.35,83,79,84,81,83,81,83,81,83,79,80,81,81,81,83,84,82,79,75,80,76,82,71,74
BASE,LW,SNP,LEFT,194 lb,6' 3",DENIS GURIANOV,,81,81.00,87,83,82,80,87,80,84,81,84,83,81,83,81,81,78,82,78,80,75,80,65,80,55,80
BASE,LD,TWD,LEFT,220 lb,6' 3",ESA LINDELL,,81,81.15,84,80,83,83,84,72,83,75,82,79,81,75,83,81,82,83,80,80,70,84,84,85,50,78
BASE,LD,PWF,LEFT,209 lb,6' 4",MASON MARCHMENT,,81,80.95,82,80,83,75,82,80,83,80,83,80,80,80,80,80,84,84,85,80,83,80,75,83,60,60
BASE,LW,SNP,LEFT,183 lb,5' 11",VICTOR OLOFSSON,,81,81.50,86,83,80,82,86,83,85,83,85,83,83,83,82,83,75,79,75,78,69,81,70,83,65,75
BASE,C,TWF,RIGHT,187 lb,6' 3",DYLAN COZENS,,81,80.75,85,82,80,78,85,81,82,81,81,82,81,81,81,81,79,80,79,79,70,81,74,81,77,79
BASE,LW,SNP,LEFT,196 lb,5' 11",JEFF SKINNER,,81,81.15,87,84,79,79,86,83,84,84,83,84,83,84,82,84,74,79,74,79,65,80,71,79,72,79
BASE,RD,TWD,RIGHT,214 lb,6' 0",RASMUS ANDERSSON,,81,81.25,85,83,82,82,85,72,82,74,82,80,82,74,82,82,82,83,82,80,75,84,83,84,50,75
BASE,C,TWF,LEFT,207 lb,5' 11",BLAKE COLEMAN,,81,81.20,82,80,83,80,84,80,83,80,82,80,80,80,80,80,83,83,83,80,75,80,79,82,76,72
BASE,LW,TWF,LEFT,183 lb,5' 10",ANDREW MANGIAPANE,,81,81.35,86,83,80,79,86,81,83,83,82,82,82,83,80,81,79,79,79,79,70,81,76,82,59,79
BASE,LD,TWD,RIGHT,201 lb,6' 0",MACKENZIE WEEGAR,,81,81.10,84,82,81,81,84,76,82,76,81,82,82,77,82,82,80,82,79,79,70,84,82,83,49,74
BASE,LD,TWD,LEFT,216 lb,6' 3",NOAH HANIFIN,,81,81.80,84,82,83,86,84,76,83,75,82,80,83,76,83,83,82,83,80,84,75,83,84,84,50,78
BASE,RW,SNP,RIGHT,196 lb,6' 0",TYLER TOFFOLI,,81,81.80,84,83,80,82,83,84,84,85,84,84,83,85,82,83,77,80,77,80,65,82,72,82,65,85
BASE,C,TWF,LEFT,205 lb,6' 1",ANDREW COPP,,81,80.95,83,80,81,78,83,81,82,81,82,80,82,81,82,82,80,82,77,74,65,82,78,82,77,79
BASE,RD,TWF,RIGHT,187 lb,6' 0",FILIP HRONEK,,81,81.85,85,83,81,83,85,77,83,78,83,81,83,77,85,83,80,81,80,82,70,83,83,83,50,80
BASE,LW,SNP,LEFT,196 lb,6' 0",JAKUB VRANA,,81,80.95,87,84,79,79,87,82,82,83,81,84,83,83,83,83,72,79,72,79,65,81,76,79,59,79
BASE,LD,TWD,LEFT,207 lb,6' 3",JACCOB SLAVIN,,81,80.85,84,81,81,84,84,74,81,74,81,79,82,74,82,82,81,81,79,84,75,85,84,84,49,84
BASE,C,PLY,RIGHT,190 lb,6' 2",MARTIN NECAS,,81,80.85,87,84,80,79,87,81,81,82,81,83,82,81,82,82,77,80,76,79,70,81,71,80,77,76
BASE,RD,DFD,RIGHT,205 lb,6' 3",BRETT PESCE,,81,81.20,83,82,83,85,83,76,82,76,82,78,80,72,83,81,81,82,80,80,65,85,85,85,50,78
BASE,C,TWF,LEFT,220 lb,6' 4",JORDAN STAAL,,81,81.05,82,80,85,83,81,77,80,79,81,80,79,80,79,79,83,84,80,74,75,83,82,84,86,75
BASE,C,TWF,LEFT,190 lb,5' 11",CHANDLER STEPHENSON,,81,81.10,84,81,80,79,84,81,81,82,82,81,82,82,82,82,79,80,79,79,70,82,77,82,77,81
BASE,LW,PLY,RIGHT,174 lb,5' 9",JONATHAN MARCHESSAULT,,81,81.20,86,83,76,79,85,82,82,83,82,86,84,82,84,84,74,77,74,83,65,82,77,82,68,77
BASE,LW,PLY,LEFT,185 lb,5' 10",JESPER BRATT,,81,81.20,86,83,79,79,86,83,81,82,81,84,85,82,85,84,74,79,74,79,65,82,74,81,59,84
BASE,LW,PLY,LEFT,194 lb,6' 0",ONDREJ PALAT,,81,81.35,87,85,78,81,87,81,83,82,82,85,82,82,83,82,76,78,75,74,65,81,75,82,60,77
BASE,RD,TWD,RIGHT,205 lb,6' 2",DAMON SEVERSON,,81,81.00,84,82,82,82,84,75,83,75,82,75,82,74,82,82,82,82,82,80,75,84,83,83,50,77
BASE,C,TWF,LEFT,203 lb,6' 2",YEGOR SHARANGOVICH,,81,81.05,84,82,82,80,84,80,83,81,82,82,80,82,81,81,80,82,80,80,75,81,72,82,76,80
BASE,C,TWF,LEFT,194 lb,6' 0",WILLIAM KARLSSON,,81,81.50,86,84,80,82,85,82,83,82,83,83,82,82,81,81,77,80,75,80,65,81,79,82,76,85
BASE,RW,SNP,LEFT,185 lb,6' 0",REILLY SMITH,,81,81.60,85,83,80,83,85,83,83,83,83,82,83,82,82,82,78,80,78,80,65,81,75,81,60,83
BASE,RD,TWD,RIGHT,209 lb,6' 4",SETH JONES,,81,81.40,85,82,82,82,85,75,83,76,83,79,84,76,84,84,79,82,79,81,75,82,83,83,49,77
BASE,C,TWF,LEFT,201 lb,6' 2",JONATHAN TOEWS,,81,80.85,84,81,81,82,84,79,81,79,81,81,79,79,80,80,79,81,79,69,75,84,79,84,86,79
BASE,RW,PWF,RIGHT,225 lb,6' 3",JOSH ANDERSON,,81,81.65,82,80,85,82,82,81,83,81,83,80,79,81,80,80,85,85,85,80,80,79,77,83,60,60
BASE,C,TWF,LEFT,201 lb,6' 0",CHRISTIAN DVORAK,,81,81.20,84,81,82,80,84,80,82,81,82,81,81,81,81,81,80,82,80,78,75,81,78,82,78,80
BASE,C,PLY,LEFT,192 lb,5' 10",MAX DOMI,,81,81.60,85,83,82,80,85,80,82,80,82,83,82,81,82,82,80,82,83,80,85,81,75,82,76,70
BASE,C,TWF,LEFT,201 lb,6' 2",SEAN MONAHAN,,81,81.60,83,81,83,83,83,81,83,81,82,83,80,82,83,83,80,83,79,80,70,78,79,82,76,80
BASE,LD,TWD,LEFT,190 lb,6' 1",BOWEN BYRAM,,81,81.50,85,83,82,80,85,75,83,75,83,83,83,75,83,83,80,82,80,80,70,83,83,84,50,75
BASE,LD,TWD,LEFT,192 lb,6' 1",DEVON TOEWS,,81,81.35,85,82,79,82,85,76,82,76,81,83,83,77,83,83,78,79,78,84,70,86,83,86,49,84
BASE,LW,PWF,LEFT,231 lb,6' 3",ANDERS LEE,,81,81.50,82,79,84,81,82,81,84,81,84,79,81,84,79,80,83,84,82,79,80,81,77,82,72,69
BASE,RD,TWD,RIGHT,194 lb,6' 4",NOAH DOBSON,,81,81.35,84,82,83,82,84,75,83,75,83,78,82,75,83,83,82,83,82,80,75,82,83,83,50,75
BASE,C,PWF,LEFT,212 lb,6' 3",BROCK NELSON,,81,81.15,84,81,82,81,84,80,82,81,82,82,81,82,81,81,81,82,81,84,80,80,74,81,77,69
BASE,LD,DFD,LEFT,205 lb,6' 3",ADAM PELECH,,81,81.05,83,81,84,85,83,72,83,73,82,72,78,75,80,80,83,84,83,80,78,87,86,87,50,75
BASE,RD,TWD,RIGHT,216 lb,6' 2",RYAN PULOCK,,81,81.20,83,79,82,84,83,75,84,76,84,76,81,77,81,81,82,82,79,79,75,85,84,86,49,84
BASE,C,TWF,LEFT,185 lb,5' 10",MIKAEL GRANLUND,,81,81.70,86,84,80,80,86,80,82,80,82,84,84,80,84,84,78,80,79,80,65,83,75,83,76,82
BASE,LD,TWD,LEFT,214 lb,6' 1",RYAN MCDONAGH,,81,81.15,84,83,83,83,84,74,83,75,83,78,80,75,80,80,82,83,82,80,75,85,83,83,50,75
BASE,RW,SNP,LEFT,218 lb,6' 2",NINO NIEDERREITER,,81,81.30,85,83,83,82,85,81,83,81,83,82,81,82,81,81,75,83,78,83,65,80,75,82,60,80
BASE,C,TWF,RIGHT,183 lb,5' 10",VINCENT TROCHECK,,81,81.35,85,82,79,81,85,82,81,82,81,84,82,82,82,82,78,79,79,74,65,82,77,82,81,78
BASE,C,PLY,LEFT,190 lb,6' 0",TIM STUTZLE,,81,80.80,87,84,79,79,87,81,81,82,81,84,83,81,82,82,76,79,77,79,65,81,69,81,77,69
BASE,C,TWF,LEFT,198 lb,6' 1",JOSH NORRIS,,81,80.95,84,81,81,80,84,81,81,82,81,81,82,81,82,82,79,81,79,79,70,82,74,81,77,74
BASE,RD,TWD,RIGHT,207 lb,6' 3",JACOB TROUBA,,81,80.95,82,80,85,83,83,74,83,75,82,73,80,74,80,80,85,84,85,80,70,84,84,83,50,70
BASE,RD,OFD,RIGHT,196 lb,5' 11",TYSON BARRIE,,81,81.45,86,84,79,84,85,79,84,78,83,83,84,78,86,85,76,79,77,81,75,79,81,79,49,76
BASE,LW,TWF,RIGHT,212 lb,6' 1",ZACH HYMAN,,81,81.35,82,79,83,82,82,81,82,81,82,79,81,81,80,81,82,83,82,80,70,82,79,83,70,77
BASE,LD,TWD,LEFT,220 lb,6' 4",DARNELL NURSE,,81,81.35,84,81,84,82,84,77,82,77,82,77,81,77,81,81,84,82,82,79,80,83,83,83,49,69
BASE,C,TWF,LEFT,183 lb,6' 0",RYAN NUGENT-HOPKINS,,81,81.05,86,84,79,82,85,82,80,82,81,84,82,81,83,82,76,79,76,82,67,81,74,82,77,81
BASE,LD,TWD,LEFT,216 lb,6' 4",OSCAR KLEFBOM,,81,81.50,84,82,83,83,84,75,83,75,83,80,81,77,82,81,82,83,79,70,65,83,85,85,55,82
BASE,RW,SNP,RIGHT,176 lb,6' 0",OLIVER BJORKSTRAND,,81,81.85,88,86,79,78,88,82,83,82,83,86,84,82,84,84,75,79,79,85,65,82,73,80,60,90
BASE,RW,SNP,RIGHT,187 lb,5' 11",JORDAN EBERLE,,81,81.65,85,86,79,82,82,82,85,84,82,88,84,85,84,84,75,79,75,83,65,80,72,80,60,81
BASE,C,TWF,LEFT,185 lb,6' 1",JARED MCCANN,,81,81.65,87,82,80,80,87,82,85,82,85,82,83,82,80,82,78,80,80,80,68,81,75,80,76,78
BASE,C,TWF,LEFT,173 lb,5' 9",YANNI GOURDE,,81,81.90,85,83,81,82,85,81,83,82,83,83,82,82,82,82,81,81,80,85,65,81,78,81,76,75
BASE,LW,TWF,LEFT,190 lb,5' 10",JADEN SCHWARTZ,,81,81.85,87,84,80,83,86,82,84,82,83,83,82,82,82,83,75,80,77,76,65,81,79,82,66,79
BASE,C,TWF,LEFT,194 lb,6' 1",IVAN BARBASHEV,,81,81.40,84,82,81,80,84,82,82,82,82,81,83,81,81,83,80,81,80,80,65,82,75,82,76,82
BASE,LD,TWD,LEFT,185 lb,5' 9",TOREY KRUG,,81,81.80,86,82,79,84,85,77,84,79,82,84,84,79,84,83,79,79,79,79,65,84,81,82,49,77
BASE,RD,TWD,RIGHT,229 lb,6' 6",COLTON PARAYKO,,81,81.15,82,80,83,85,82,75,88,75,85,73,80,73,81,80,83,83,82,80,80,85,84,84,50,77
BASE,RD,OFD,RIGHT,216 lb,6' 0",JUSTIN FAULK,,81,81.35,86,83,80,85,85,77,84,77,83,80,83,78,84,84,79,80,76,83,75,82,79,82,49,79
BASE,C,TWF,RIGHT,192 lb,6' 0",RYAN HARTMAN,,81,81.45,84,81,81,80,84,81,82,81,82,81,81,81,81,81,82,81,85,80,75,81,78,81,76,60
BASE,LW,TWF,LEFT,196 lb,6' 1",ALEX KILLORN,,81,80.80,83,81,81,79,84,80,81,82,81,80,82,81,82,81,80,81,80,84,75,82,74,81,64,74
BASE,LD,TWD,LEFT,216 lb,6' 3",MIKHAIL SERGACHEV,,81,81.50,82,80,84,84,82,75,85,75,86,76,82,75,82,82,84,84,82,80,78,83,83,84,50,72
BASE,LD,TWD,LEFT,196 lb,6' 1",JONAS BRODIN,,81,81.00,85,82,82,85,85,72,82,74,82,80,80,74,82,80,78,82,78,83,70,86,85,86,50,90
BASE,C,TWF,LEFT,207 lb,6' 3",JOEL ERIKSSON EK,,81,81.35,84,81,82,79,85,80,82,80,82,81,82,80,81,81,80,82,80,77,68,83,79,83,77,78
BASE,RD,TWD,RIGHT,165 lb,5' 9",JARED SPURGEON,,81,81.55,87,84,77,87,87,76,81,76,81,84,81,76,84,84,79,77,79,82,70,84,82,85,49,89
BASE,RD,TWD,RIGHT,181 lb,6' 0",MATT DUMBA,,81,81.20,85,81,82,82,84,74,84,74,83,79,82,74,82,83,84,82,83,74,65,82,82,82,49,69
BASE,LW,PLY,LEFT,175 lb,5' 8",MATS ZUCCARELLO,,81,81.25,88,85,77,83,88,81,82,82,82,84,84,82,84,84,69,78,74,69,65,82,74,82,59,84
BASE,LD,TWD,LEFT,201 lb,6' 2",OLIVER EKMAN-LARSSON,,81,81.20,85,83,81,85,85,75,85,75,85,80,81,75,81,81,80,82,78,80,65,84,80,83,50,80
BASE,RW,SNP,RIGHT,165 lb,5' 10",CONOR GARLAND,,81,80.85,87,84,77,79,87,82,80,82,80,85,83,83,82,84,77,77,77,79,75,81,69,81,59,79
BASE,C,PLY,RIGHT,194 lb,6' 2",SAM REINHART,,81,81.00,82,82,79,81,82,83,81,83,81,84,85,83,85,84,74,79,74,79,65,82,74,82,77,89
BASE,C,TWF,LEFT,181 lb,6' 2",CARTER VERHAEGHE,,81,81.50,84,83,81,80,84,82,82,82,82,81,82,82,82,81,80,81,80,80,75,82,76,83,76,75
BASE,RW,PWF,RIGHT,190 lb,6' 0",PATRIC HORNQVIST,,81,81.20,82,81,83,80,83,80,83,80,82,80,80,80,80,80,82,83,84,77,70,80,78,83,60,75
BASE,LW,SNP,LEFT,196 lb,5' 11",ANTHONY DUCLAIR,,81,80.60,89,83,78,77,89,82,82,82,82,83,83,82,82,81,74,79,74,83,68,81,69,80,59,76
BASE,C,TWF,LEFT,194 lb,6' 1",SAM BENNETT,,81,81.75,84,82,80,80,84,81,82,81,82,82,83,80,81,81,83,80,85,80,70,81,80,83,76,70
BASE,RW,SNP,RIGHT,181 lb,5' 9",VIKTOR ARVIDSSON,,81,81.35,87,85,79,80,87,83,83,83,83,83,82,83,82,82,75,79,75,70,65,81,75,80,60,79
BASE,LW,TWF,LEFT,187 lb,6' 0",ALEX IAFALLO,,81,81.15,84,82,80,80,84,82,82,82,82,82,83,81,83,83,80,80,75,80,70,82,75,81,65,80
BASE,LW,SNP,LEFT,205 lb,5' 10",KEVIN FIALA,,81,81.65,87,84,79,80,87,81,82,83,81,84,84,83,84,84,77,79,78,79,65,81,74,81,59,78
BASE,RW,SNP,RIGHT,174 lb,5' 8",CAM ATKINSON,,81,81.35,87,85,78,80,87,81,82,82,82,85,83,83,83,83,75,78,73,80,65,82,76,82,62,85
BASE,RD,TWD,RIGHT,180 lb,5' 10",RYAN ELLIS,,81,81.70,85,82,80,87,85,76,82,77,82,82,84,77,83,83,79,82,79,81,70,83,83,83,49,79
BASE,LW,TWF,LEFT,183 lb,6' 0",JOEL FARABEE,,81,81.65,84,82,80,80,84,82,82,83,82,83,83,82,83,82,80,80,82,80,75,82,75,82,60,75
BASE,LD,TWD,LEFT,201 lb,6' 1",IVAN PROVOROV,,81,81.35,85,81,81,88,84,77,82,78,82,80,82,77,82,82,79,81,79,84,75,82,82,83,49,77
BASE,C,PWF,LEFT,216 lb,6' 5",KEVIN HAYES,,81,81.15,84,81,84,82,84,80,82,80,81,81,80,81,80,80,81,84,81,79,80,80,76,81,77,81
BASE,LW,SNP,LEFT,216 lb,6' 3",JAMES VAN RIEMSDYK,,81,80.95,83,81,83,80,83,81,85,83,84,80,82,82,81,82,78,82,78,70,67,80,70,81,60,78
BASE,LD,TWD,LEFT,181 lb,6' 3",TRAVIS SANHEIM,,81,81.30,84,82,83,83,84,75,83,75,82,78,82,75,83,83,82,83,80,80,75,83,82,84,50,77
BASE,C,TWF,LEFT,201 lb,6' 1",PHILLIP DANAULT,,81,81.10,84,81,81,82,84,79,81,79,81,80,81,79,81,81,81,81,79,79,75,84,79,84,80,77
BASE,C,TWF,LEFT,201 lb,6' 2",ADRIAN KEMPE,,81,81.15,85,82,81,79,85,81,81,83,81,81,83,81,82,82,79,81,79,83,75,81,75,81,77,74
BASE,C,TWF,RIGHT,196 lb,5' 11",SAM GAGNER,,80,79.95,82,82,80,80,82,78,82,79,81,83,79,79,81,81,78,80,77,80,75,80,75,80,75,79
BASE,LD,TWD,LEFT,192 lb,6' 1",NATE SCHMIDT,,80,80.65,84,82,80,80,85,74,82,76,82,80,82,75,83,83,80,80,80,80,65,81,80,84,50,80
BASE,C,TWF,LEFT,209 lb,6' 5",ADAM LOWRY,,80,79.90,82,78,83,79,82,77,81,77,81,77,77,77,77,77,83,83,83,80,75,82,79,83,76,69
BASE,LW,TWF,LEFT,176 lb,5' 8",CONOR SHEARY,,80,80.65,85,84,78,80,85,81,82,81,82,83,82,81,82,82,76,78,76,80,65,80,75,80,60,80
BASE,LD,TWD,LEFT,214 lb,5' 11",DMITRY ORLOV,,80,80.50,84,81,81,86,85,74,82,74,82,81,81,74,82,80,81,81,78,84,65,81,81,81,49,79
BASE,RW,TWF,RIGHT,185 lb,6' 0",CONNOR BROWN,,80,80.50,84,81,79,79,84,80,81,80,81,80,81,80,81,81,79,79,79,84,65,81,79,81,61,89
BASE,C,PLY,LEFT,205 lb,5' 11",MARCUS JOHANSSON,,80,80.20,85,83,80,80,84,78,82,78,82,82,80,78,80,80,77,80,77,70,65,80,77,81,75,90
BASE,C,TWF,LEFT,207 lb,6' 1",LARS ELLER,,80,79.95,83,80,81,79,83,79,81,79,81,79,79,79,79,79,79,81,79,79,70,80,78,81,76,77
BASE,RD,OFD,RIGHT,174 lb,5' 11",JAMIE DRYSDALE,,80,80.40,87,84,77,77,87,76,82,78,82,84,82,79,83,83,74,77,74,79,65,81,80,81,49,79
BASE,LW,PWF,LEFT,216 lb,6' 2",MAXIME COMTOIS,,80,80.05,82,79,82,78,82,79,83,79,82,77,79,79,79,79,82,83,83,80,80,79,75,80,65,70
BASE,LW,PWF,LEFT,220 lb,6' 1",MAX JONES,,80,80.90,84,79,84,78,85,80,83,80,84,80,80,80,78,80,84,84,84,80,80,77,72,82,60,70
BASE,RD,OFD,RIGHT,203 lb,6' 0",KEVIN SHATTENKIRK,,80,80.55,85,82,80,83,86,76,82,77,82,81,82,76,83,83,78,79,76,77,65,80,79,81,49,79
BASE,RW,TWF,LEFT,196 lb,5' 11",FRANK VATRANO,,80,80.40,83,81,80,80,83,80,82,81,81,81,80,81,80,80,80,80,80,80,70,80,75,80,60,75
BASE,RW,TWF,RIGHT,203 lb,6' 0",JAKOB SILFVERBERG,,80,80.45,85,83,80,81,85,80,80,80,80,80,81,80,80,80,77,80,77,80,65,82,75,83,60,83
BASE,LW,PWF,LEFT,220 lb,6' 4",LAWSON CROUSE,,80,80.20,84,79,84,78,84,79,83,80,82,78,79,79,78,78,83,84,83,79,80,78,71,80,61,69
BASE,C,TWF,LEFT,187 lb,6' 0",ADAM HENRIQUE,,80,80.80,83,81,80,81,83,80,82,80,82,80,82,80,81,81,79,80,79,85,70,82,78,82,78,80
BASE,C,TWF,LEFT,185 lb,6' 0",TEDDY BLUEGER,,80,80.05,84,82,80,78,84,79,82,79,82,80,80,80,80,80,79,80,79,85,70,80,73,80,75,75
BASE,C,TWF,LEFT,187 lb,6' 1",DANTON HEINEN,,80,80.10,84,82,80,80,84,80,81,80,81,80,80,80,80,80,79,80,75,84,75,80,77,79,75,75
BASE,C,SNP,RIGHT,216 lb,6' 3",JEFF CARTER,,80,79.85,84,80,81,78,84,78,84,78,84,79,79,79,79,79,79,82,79,74,75,79,73,79,76,74
BASE,RW,TWF,RIGHT,194 lb,6' 1",KASPERI KAPANEN,,80,80.20,90,84,79,79,90,78,81,78,80,81,79,78,79,79,77,79,78,79,67,78,77,80,59,84
BASE,RD,TWD,RIGHT,207 lb,6' 3",JEFF PETRY,,80,80.40,84,82,83,83,84,73,83,73,82,75,80,73,80,80,82,82,80,80,75,83,83,83,50,78
BASE,LW,TWF,LEFT,187 lb,5' 11",JASON ZUCKER,,80,80.10,85,82,79,81,85,80,81,80,81,82,80,80,80,80,77,79,77,83,70,79,75,79,59,79
BASE,LD,TWD,LEFT,179 lb,5' 11",TY SMITH,,80,80.90,85,83,80,80,85,75,82,76,82,80,83,75,83,83,80,80,80,80,67,82,82,82,50,80
BASE,LD,OFD,LEFT,176 lb,6' 1",JAKE BEAN,,80,81.00,86,84,78,80,86,79,83,79,82,83,83,79,83,83,75,78,77,80,65,80,80,82,53,80
BASE,LD,TWD,LEFT,214 lb,6' 3",VLADISLAV GAVRIKOV,,80,80.45,83,80,84,80,83,72,83,74,83,75,80,73,81,80,83,84,83,80,80,82,83,83,50,72
BASE,RW,SNP,LEFT,179 lb,5' 11",GUSTAV NYQUIST,,80,80.40,87,84,77,82,87,81,81,82,81,84,82,84,82,82,74,77,74,74,65,80,68,79,59,79
BASE,LW,TWF,LEFT,185 lb,6' 0",ALEXANDRE TEXIER,,80,80.50,85,83,80,80,85,80,82,81,82,82,80,80,80,80,80,80,78,80,65,79,73,80,65,75
BASE,C,TWF,LEFT,220 lb,6' 3",RADEK FAKSA,,80,80.45,81,79,83,80,82,77,83,78,82,79,79,79,79,79,82,83,82,80,70,80,79,83,75,75
BASE,RD,TWD,RIGHT,198 lb,6' 1",COLIN MILLER,,80,80.80,85,83,80,80,85,76,82,78,82,83,80,78,82,82,78,80,80,78,70,80,80,82,50,75
BASE,LD,TWD,LEFT,201 lb,6' 1",RYAN SUTER,,80,80.60,83,81,83,85,83,73,84,74,83,75,80,73,80,80,82,83,80,80,75,83,84,83,50,79
BASE,RW,TWF,RIGHT,205 lb,6' 0",CRAIG SMITH,,80,80.60,84,82,81,80,84,80,82,80,82,80,79,80,80,80,80,81,80,80,70,79,78,80,66,80
BASE,LW,SNP,LEFT,194 lb,6' 0",JAKE DEBRUSK,,80,80.80,84,82,81,78,84,80,83,82,82,82,82,82,82,82,80,80,75,77,70,78,77,80,60,75
BASE,RD,DFD,RIGHT,227 lb,6' 5",BRANDON CARLO,,80,79.95,81,79,86,83,82,71,83,71,83,73,75,70,77,75,85,86,83,80,80,84,85,87,50,70
BASE,C,TWF,LEFT,190 lb,5' 11",RASMUS ASPLUND,,80,80.20,85,82,80,79,85,80,82,80,82,83,80,80,80,80,77,80,77,80,60,79,72,81,75,85
BASE,RD,TWD,RIGHT,194 lb,6' 0",HENRI JOKIHARJU,,80,80.10,84,82,80,80,84,73,82,74,82,82,79,74,80,79,80,81,80,80,65,82,82,82,50,79
BASE,RW,PWF,RIGHT,216 lb,6' 0",KYLE OKPOSO,,80,79.90,82,79,82,79,82,79,82,79,81,79,79,79,79,79,81,82,81,74,80,79,74,81,64,78
BASE,C,TWF,LEFT,201 lb,6' 0",MIKAEL BACKLUND,,80,80.20,84,81,79,79,84,79,80,79,80,79,79,79,79,79,79,79,79,79,70,82,81,84,76,79
BASE,RW,TWF,LEFT,187 lb,5' 11",DILLON DUBE,,80,80.35,84,82,80,79,84,79,82,79,82,82,79,79,79,79,80,80,80,80,70,80,78,80,55,79
BASE,LD,OFD,LEFT,183 lb,6' 0",OLIVER KYLINGTON,,80,79.95,86,83,79,79,86,74,81,76,82,82,81,74,81,82,77,79,77,79,65,80,79,81,49,79
BASE,LW,PWF,LEFT,231 lb,6' 3",MILAN LUCIC,,80,80.10,80,78,89,78,80,77,83,77,83,75,76,77,77,77,90,88,85,80,90,76,75,81,60,65
BASE,RD,DFD,RIGHT,196 lb,6' 2",CHRISTOPHER TANEV,,80,79.85,82,80,83,82,83,72,83,72,83,75,77,70,79,77,82,83,80,75,75,84,85,85,50,85
BASE,LW,SNP,LEFT,183 lb,5' 11",ROBBY FABBRI,,80,80.05,87,84,77,79,87,81,82,82,81,84,83,82,83,82,71,77,71,69,65,79,69,80,66,84
BASE,LW,TWF,LEFT,179 lb,6' 2",DOMINIK KUBALIK,,80,80.10,83,80,81,79,83,80,82,80,82,81,80,80,80,80,79,81,79,79,75,79,72,81,54,79
BASE,C,TWF,RIGHT,209 lb,6' 3",OSKAR SUNDQVIST,,80,79.90,81,79,83,80,81,78,82,78,82,78,78,78,78,78,81,83,80,81,75,80,78,82,75,75
BASE,C,TWF,LEFT,174 lb,5' 11",PIUS SUTER,,80,80.20,85,83,78,79,86,81,81,81,81,83,81,80,81,81,76,78,77,80,65,80,72,80,75,80
BASE,RW,TWF,RIGHT,183 lb,5' 10",LUCAS RAYMOND,,80,80.55,83,82,76,78,85,79,81,83,81,83,84,80,84,83,75,77,77,80,75,81,75,84,70,80
BASE,RD,TWD,RIGHT,196 lb,5' 11",ETHAN BEAR,,80,80.40,84,81,81,82,84,75,82,75,82,80,80,75,80,80,80,81,80,80,75,82,82,82,50,80
BASE,RW,SNP,RIGHT,187 lb,6' 0",ONDREJ KASE,,80,80.50,85,83,80,79,85,81,83,81,82,82,81,81,80,80,77,80,76,60,65,79,75,80,62,80
BASE,C,PLY,LEFT,201 lb,6' 2",JESPERI KOTKANIEMI,,80,80.10,84,81,81,79,84,80,81,80,81,82,81,80,81,81,75,81,75,79,65,80,74,81,76,79
BASE,LD,TWD,LEFT,209 lb,6' 3",BRADY SKJEI,,80,80.70,85,82,83,83,86,73,83,75,83,78,80,72,81,81,80,83,80,82,80,81,83,82,50,75
BASE,LD,TWD,LEFT,207 lb,6' 1",ALEC MARTINEZ,,80,80.35,83,81,82,86,84,71,83,72,82,75,81,73,81,80,82,82,80,74,75,83,83,83,50,78
BASE,C,TWF,RIGHT,207 lb,6' 4",NICOLAS ROY,,80,79.95,82,79,82,77,82,79,82,79,81,79,79,79,79,79,80,82,81,79,75,79,78,81,76,74
BASE,RW,SNP,RIGHT,203 lb,6' 0",PHIL KESSEL,,80,80.05,83,81,80,80,83,81,84,82,83,81,84,82,84,83,70,80,75,85,65,79,65,81,60,85
BASE,C,PLY,LEFT,194 lb,6' 0",ERIK HAULA,,80,80.55,87,83,78,82,87,81,83,81,82,83,82,81,82,82,73,80,75,75,65,79,72,78,76,80
BASE,LW,TWF,LEFT,194 lb,5' 10",ANDREAS JOHNSSON,,80,80.80,85,83,80,80,85,80,82,80,82,83,81,80,81,81,79,80,79,80,65,80,74,81,60,75
BASE,RD,TWD,RIGHT,181 lb,6' 1",JOHN MARINO,,80,80.20,84,82,80,82,84,75,82,76,82,79,81,74,81,81,78,80,78,80,75,81,82,82,52,85
BASE,LW,SNP,LEFT,185 lb,5' 10",TOMAS TATAR,,80,80.50,85,83,80,81,85,79,82,79,82,82,80,80,81,80,79,80,79,84,70,79,75,79,65,80
BASE,LW,TWF,LEFT,194 lb,6' 2",MILES WOOD,,80,80.00,84,79,81,79,84,77,81,78,81,79,78,79,78,78,82,81,84,74,75,79,77,81,59,64
BASE,RW,SNP,RIGHT,179 lb,6' 0",DAWSON MERCER,,80,80.30,84,82,77,77,84,82,80,82,82,83,82,82,82,82,77,78,77,80,68,81,70,82,60,78
BASE,LW,SNP,LEFT,187 lb,6' 2",ANDREAS ATHANASIOU,,80,80.45,87,82,82,80,87,80,82,80,82,80,79,80,79,79,78,82,78,80,70,78,75,79,67,75
BASE,RW,PWF,RIGHT,198 lb,6' 3",TAYLOR RADDYSH,,80,80.10,84,80,83,78,82,80,83,80,82,80,79,80,78,78,82,83,80,80,75,78,70,82,62,75
BASE,C,TWF,RIGHT,185 lb,5' 8",TYLER JOHNSON,,80,80.30,87,87,78,80,87,80,82,80,80,82,79,80,80,80,75,80,75,80,65,79,75,80,75,80
BASE,RW,SNP,RIGHT,165 lb,5' 7",COLE CAUFIELD,,80,80.25,89,86,74,77,88,83,83,83,82,88,85,83,83,83,69,74,71,79,60,79,67,78,54,84
BASE,C,PLY,RIGHT,18 lb,6' 4",KIRBY DACH,,80,80.05,84,81,82,78,84,80,82,80,81,81,80,80,80,80,78,82,78,79,70,78,71,81,76,79
BASE,RW,SNP,LEFT,185 lb,5' 11",EVGENII DADONOV,,80,80.40,85,82,79,82,85,80,82,80,82,84,80,80,80,80,77,79,75,84,65,79,77,80,59,84
BASE,LW,PLY,LEFT,203 lb,6' 0",JONATHAN DROUIN,,80,80.25,89,87,77,81,88,82,82,82,81,84,82,82,81,82,71,77,74,83,60,79,66,78,64,84
BASE,RW,TWF,RIGHT,183 lb,5' 9",BRENDAN GALLAGHER,,80,80.45,82,81,81,80,83,78,81,80,81,80,79,79,80,80,81,80,83,74,75,80,79,81,61,78
BASE,LW,SNP,LEFT,183 lb,5' 10",MIKE HOFFMAN,,80,80.90,84,82,80,80,84,81,83,81,83,81,82,81,80,80,79,80,79,80,65,79,77,82,65,80
BASE,LD,TWD,LEFT,192 lb,6' 2",MICHAEL MATHESON,,80,80.35,84,82,82,82,84,73,82,75,82,77,80,73,80,80,82,82,80,80,75,83,82,82,55,70
BASE,RW,TWF,RIGHT,190 lb,6' 0",J.T. COMPHER,,80,80.50,83,81,80,80,83,80,81,80,80,80,80,80,80,80,80,80,80,75,75,82,80,80,72,78
BASE,C,PLY,LEFT,190 lb,5' 10",ALEX NEWHOOK,,80,79.85,87,85,80,78,87,80,82,81,82,83,81,80,81,81,72,78,72,80,65,79,70,78,75,80
BASE,C,PLY,RIGHT,183 lb,5' 11",EVAN RODRIGUES,,80,79.75,85,82,78,80,85,81,81,81,81,82,81,81,81,81,74,78,71,81,65,79,74,79,76,76
BASE,LW,TWF,LEFT,179 lb,5' 11",ARTTURI LEHKONEN,,80,80.85,85,83,80,82,85,80,82,80,82,82,80,80,80,80,78,80,80,83,60,80,78,80,60,90
BASE,RD,TWD,RIGHT,225 lb,6' 4",ERIK JOHNSON,,80,80.40,82,80,85,83,82,73,83,74,83,74,79,73,80,79,82,83,82,80,76,83,83,85,50,70
BASE,RW,SNP,RIGHT,205 lb,6' 2",OLIVER WAHLSTROM,,80,80.40,84,82,80,80,84,81,83,81,83,83,81,82,81,81,78,80,78,80,65,79,70,77,60,77
BASE,C,TWF,RIGHT,183 lb,5' 10",JEAN-GABRIEL PAGEAU,,80,80.25,85,83,78,80,85,80,82,80,82,83,81,80,80,80,75,78,75,80,65,82,75,81,80,80
BASE,LW,TWF,LEFT,201 lb,6' 1",JOSH BAILEY,,80,80.75,84,82,81,80,84,80,82,80,82,83,81,80,81,80,78,81,78,80,70,81,75,82,74,85
BASE,RW,TWF,RIGHT,185 lb,5' 11",KYLE PALMIERI,,80,80.75,84,82,80,82,84,80,83,80,82,80,79,80,80,80,80,80,80,80,70,80,77,82,60,78
BASE,LW,TWF,LEFT,181 lb,5' 11",ANTHONY BEAUVILLIER,,80,80.65,84,81,80,80,84,80,81,82,80,81,80,80,80,80,80,80,78,80,70,82,78,82,60,75
BASE,LD,TWD,LEFT,209 lb,6' 1",ALEXANDER ROMANOV,,80,80.55,84,82,83,83,84,71,83,72,82,79,79,73,79,80,82,84,82,80,69,82,83,84,50,75
BASE,RD,DFD,RIGHT,174 lb,5' 11",ALEXANDRE CARRIER,,80,80.70,86,84,78,80,86,75,84,77,83,84,81,78,82,82,77,78,77,80,60,80,82,80,50,80
BASE,LD,TWD,LEFT,216 lb,6' 4",MATTIAS EKHOLM,,80,79.85,82,77,83,87,82,73,82,73,81,70,81,72,80,80,82,83,79,83,80,84,83,83,49,84
BASE,RD,TWD,RIGHT,194 lb,6' 0",DANTE FABBRO,,80,80.30,86,83,78,81,86,74,82,76,82,83,81,76,81,81,77,79,77,79,70,81,81,81,49,79
BASE,LW,GRN,LEFT,207 lb,6' 2",TANNER JEANNOT,,80,80.80,82,80,83,77,82,80,82,80,82,78,79,80,79,79,85,83,85,80,85,80,78,82,60,70
BASE,RW,TWF,RIGHT,201 lb,6' 1",COLTON SISSONS,,80,80.20,82,80,82,80,82,78,82,78,82,78,78,78,78,78,82,82,81,80,75,80,81,82,77,70
BASE,LW,SNP,LEFT,192 lb,5' 10",EELI TOLVANEN,,80,80.20,82,84,80,80,82,82,84,82,84,84,81,82,82,82,72,80,72,80,65,79,70,80,60,85
BASE,RW,PLY,RIGHT,179 lb,6' 0",PHILIP TOMASINO,,80,79.70,84,82,78,70,84,80,82,81,82,82,81,81,81,81,78,78,77,80,65,80,72,80,65,85
BASE,C,TWF,LEFT,201 lb,6' 2",YAKOV TRENIN,,80,80.15,82,80,82,79,82,79,82,80,82,80,79,80,79,79,82,82,80,80,70,80,75,79,80,78
BASE,LW,SNP,LEFT,194 lb,6' 3",ALEX FORMENTON,,80,79.25,85,81,81,69,86,79,82,79,81,79,79,79,79,79,79,81,79,79,70,79,70,79,64,74
BASE,RD,OFD,LEFT,181 lb,5' 10",ERIK BRANNSTROM,,80,80.50,87,85,78,78,87,76,83,77,82,85,82,77,83,83,75,78,75,80,65,80,80,79,55,85
BASE,RW,TWF,LEFT,190 lb,6' 1",MATHIEU JOSEPH,,80,80.65,84,82,80,79,84,79,82,81,82,81,80,80,80,80,80,80,80,80,70,80,78,81,65,80
BASE,C,TWF,LEFT,203 lb,6' 2",FILIP CHYTIL,,80,80.30,86,84,82,80,86,79,82,79,82,82,80,79,80,80,75,82,75,80,70,79,75,79,75,78
BASE,LW,GRN,LEFT,209 lb,6' 2",BARCLAY GOODROW,,80,80.75,82,79,84,80,82,78,82,78,82,78,79,77,78,78,84,84,84,80,78,81,81,84,70,65
BASE,RW,PWF,LEFT,195 lb,6' 3",VITALI KRAVTSOV,,80,80.15,83,81,83,80,83,80,83,80,83,80,76,80,79,80,80,83,80,80,75,76,75,78,65,75
BASE,RW,TWF,LEFT,205 lb,6' 3",KAAPO KAKKO,,80,80.65,84,82,82,80,84,79,82,80,82,81,80,79,80,80,82,81,82,80,70,78,74,81,60,65
BASE,LW,PLY,LEFT,196 lb,6' 2",ALEXIS LAFRENIERE,,80,80.10,84,81,80,79,84,80,82,81,81,82,82,81,81,81,77,79,77,79,70,78,71,81,54,69
BASE,LD,TWD,LEFT,216 lb,6' 4",K'ANDRE MILLER,,80,80.55,84,82,83,82,84,73,83,74,83,75,80,74,80,80,83,83,80,80,75,82,83,83,50,80
BASE,C,TWF,RIGHT,196 lb,6' 0",LUKE KUNIN,,80,80.45,84,82,80,80,82,80,82,80,82,80,80,80,80,80,80,80,80,82,72,80,77,80,75,75
BASE,RW,PLY,LEFT,194 lb,5' 10",ALEXANDER BARABANOV,,80,79.75,85,82,80,76,85,79,81,80,81,82,81,80,81,81,74,80,76,79,67,80,71,80,64,74
BASE,RW,TWF,RIGHT,185 lb,5' 11",KEVIN LABANC,,80,80.40,85,83,80,79,85,80,82,80,81,80,80,80,80,80,78,80,78,80,70,80,77,80,60,78
BASE,LW,TWF,LEFT,192 lb,6' 2",OSKAR LINDBLOM,,80,80.65,83,81,82,79,83,79,82,79,82,80,80,79,79,79,81,82,81,85,70,81,79,82,60,85
BASE,LW,PWF,LEFT,198 lb,6' 2",WARREN FOEGELE,,80,80.05,82,80,82,79,82,79,82,79,82,78,78,79,78,78,82,83,82,80,80,79,75,82,60,75
BASE,RD,OFD,RIGHT,194 lb,6' 3",EVAN BOUCHARD,,80,79.95,82,81,80,79,82,74,84,77,83,79,81,76,82,82,78,80,78,79,70,80,81,80,49,79
BASE,LW,SNP,LEFT,201 lb,6' 2",ANDRE BURAKOVSKY,,80,79.95,86,82,79,78,86,80,81,81,81,82,82,81,82,82,74,79,74,82,68,80,69,80,59,84
BASE,RW,SNP,RIGHT,201 lb,6' 4",JESSE PULJUJARVI,,80,80.30,85,81,81,79,85,79,83,80,82,82,80,80,80,81,79,81,78,72,65,78,71,81,59,77
BASE,RW,PLY,RIGHT,152 lb,5' 8",KAILER YAMAMOTO,,80,80.50,88,87,78,78,87,82,82,82,81,86,83,82,83,83,70,78,70,80,60,80,70,80,60,80
BASE,LD,TWD,LEFT,203 lb,6' 0",VINCE DUNN,,80,81.20,85,83,81,82,85,75,82,77,82,82,83,76,82,82,81,81,81,83,70,81,82,81,50,75
BASE,RD,DFD,RIGHT,209 lb,6' 3",ADAM LARSSON,,80,80.50,83,80,83,86,83,73,82,75,82,75,79,73,80,78,83,83,80,84,70,83,85,84,50,70
BASE,LW,TWF,LEFT,181 lb,6' 0",BRANDON TANEV,,80,80.70,84,81,82,80,84,78,82,78,82,78,78,78,78,78,85,82,83,80,75,81,80,82,60,75
BASE,C,PLY,LEFT,196 lb,6' 1",ALEXANDER WENNBERG,,80,80.65,86,83,81,80,86,81,81,81,81,80,81,81,81,81,76,80,76,80,65,81,75,81,75,90
BASE,LD,TWD,LEFT,205 lb,6' 0",NICK LEDDY,,80,80.50,84,82,81,82,85,73,82,74,83,83,80,75,80,80,80,81,79,80,65,82,82,82,50,90
BASE,LW,TWF,LEFT,205 lb,6' 1",BRANDON SAAD,,80,80.25,85,82,80,79,85,80,82,80,82,81,80,81,79,79,78,80,78,79,70,79,75,80,61,79
BASE,LW,PWF,LEFT,231 lb,6' 6",JORDAN GREENWAY,,80,80.05,82,79,84,79,82,78,83,78,82,78,77,78,78,78,84,84,82,84,80,79,74,82,61,69
BASE,LW,GRN,LEFT,227 lb,6' 3",MARCUS FOLIGNO,,80,80.35,81,78,84,79,81,79,81,79,81,77,79,79,78,78,84,84,84,79,84,80,78,83,59,64
BASE,LW,TWF,LEFT,185 lb,6' 0",MICHAEL BUNTING,,80,79.95,84,81,79,77,84,80,81,80,81,81,81,80,80,80,79,79,79,79,70,80,74,79,61,76
BASE,LW,TWF,LEFT,216 lb,6' 5",PIERRE ENGVALL,,80,80.05,83,81,84,75,83,79,83,79,82,78,79,79,79,79,83,83,80,80,75,78,73,81,65,80
BASE,RD,DFD,RIGHT,234 lb,6' 4",ERIK CERNAK,,80,79.95,81,78,85,83,81,70,84,71,83,73,75,72,77,76,85,85,83,80,75,85,85,87,50,72
BASE,C,TWF,LEFT,192 lb,6' 0",ROSS COLTON,,80,80.40,83,81,82,75,83,79,82,79,82,79,79,79,79,79,82,82,82,80,75,80,79,82,75,75
BASE,RW,GRN,RIGHT,205 lb,6' 3",COREY PERRY,,80,80.45,79,77,84,81,79,78,83,80,82,78,79,80,80,80,84,84,84,67,85,79,75,83,60,65
BASE,C,PWF,LEFT,229 lb,6' 4",NICK PAUL,,80,79.40,82,79,84,77,81,77,81,78,81,77,77,78,77,77,82,84,81,79,77,79,74,82,76,74
BASE,LW,PWF,LEFT,238 lb,6' 3",PATRICK MAROON,,80,80.20,80,78,85,77,80,78,84,78,83,78,77,79,78,79,85,85,85,75,80,77,73,85,55,65
BASE,C,TWF,LEFT,192 lb,6' 0",ANTHONY CIRELLI,,80,80.50,84,81,79,79,85,79,81,79,81,79,80,80,80,79,79,80,81,84,70,82,79,83,76,74
BASE,LW,PLY,LEFT,181 lb,6' 0",VLADISLAV NAMESTNIKOV,,80,79.95,85,83,80,81,85,78,82,79,82,81,79,80,80,80,76,80,75,83,60,79,75,79,66,80
BASE,LW,PLY,LEFT,174 lb,5' 11",BRANDON HAGEL,,80,80.20,85,82,76,77,85,81,82,81,81,86,83,83,83,83,69,76,74,79,65,81,74,82,61,79
BASE,LD,TWD,LEFT,201 lb,6' 1",MARK GIORDANO,,80,80.25,82,80,82,83,82,73,82,74,82,75,80,73,80,80,82,83,82,75,80,83,83,84,52,75
BASE,C,TWF,LEFT,181 lb,5' 10",ALEXANDER KERFOOT,,80,80.60,85,83,77,80,85,80,82,80,82,82,81,81,82,81,75,79,77,80,65,81,77,82,75,80
BASE,RD,TWD,RIGHT,192 lb,6' 0",TIMOTHY LILJEGREN,,80,80.65,85,83,80,80,85,75,82,77,82,82,82,77,82,82,80,80,79,80,65,80,80,80,55,78
BASE,LD,TWD,LEFT,179 lb,5' 11",RASMUS SANDIN,,80,80.35,85,82,80,80,85,75,82,76,82,81,80,76,80,80,80,80,80,80,70,80,82,81,55,78
BASE,RD,TWD,LEFT,179 lb,6' 1",T.J. BRODIE,,80,80.10,85,81,79,81,85,74,81,74,81,79,80,74,80,80,79,80,79,79,70,84,82,84,49,77
BASE,LD,DFD,LEFT,227 lb,6' 3",JAKE MUZZIN,,80,80.70,84,82,82,86,85,73,82,74,83,75,80,73,80,80,82,82,81,83,80,83,84,83,50,77
BASE,C,TWF,LEFT,201 lb,6' 2",JASON DICKINSON,,80,79.75,82,80,82,79,82,78,82,78,82,80,79,78,79,79,80,82,80,78,70,79,72,82,75,77
BASE,LW,TWF,LEFT,192 lb,6' 2",ILYA MIKHEYEV,,80,79.75,84,81,81,77,84,79,81,79,81,79,80,79,79,79,79,81,78,79,75,80,71,83,54,78
BASE,RW,PWF,LEFT,190 lb,6' 1",VASILY PODKOLZIN,,80,80.35,84,81,83,79,84,78,83,79,83,79,78,79,78,78,83,83,83,79,80,76,74,82,59,71
BASE,LW,TWF,LEFT,201 lb,6' 1",TANNER PEARSON,,80,80.60,84,81,80,80,85,80,82,80,82,81,80,81,80,80,80,81,79,80,75,80,75,81,60,80
BASE,LW,TWF,LEFT,185 lb,5' 9",NILS HOGLANDER,,80,80.45,85,85,81,80,85,79,82,80,82,80,79,80,79,79,80,81,80,80,70,79,72,81,61,80
BASE,RD,TWD,RIGHT,229 lb,6' 8",TYLER MYERS,,80,79.95,84,80,86,83,84,70,86,71,85,72,76,72,77,76,83,85,82,83,80,80,83,84,50,72
BASE,RW,TWF,RIGHT,183 lb,6' 2",COLIN WHITE,,80,80.20,84,82,80,80,84,80,82,80,82,82,80,80,80,80,78,80,75,80,70,80,75,80,65,77
BASE,RD,TWD,RIGHT,194 lb,6' 0",BRANDON MONTOUR,,80,80.75,84,82,81,83,84,75,82,75,82,79,82,75,82,82,80,81,80,80,73,82,82,82,50,78
BASE,C,TWF,LEFT,185 lb,6' 1",ANTON LUNDELL,,80,79.45,83,80,78,70,83,77,78,80,80,81,83,80,81,81,73,78,78,80,74,84,75,86,75,80
BASE,LD,OFD,LEFT,185 lb,6' 0",GUSTAV FORSLING,,80,80.70,86,84,79,80,85,75,83,76,82,83,82,76,83,83,78,79,78,80,65,81,79,82,50,85
BASE,C,PWF,LEFT,216 lb,6' 4",QUINTON BYFIELD,,80,79.85,82,80,83,78,82,78,83,79,83,80,79,80,79,79,80,83,80,80,75,79,70,80,75,77
BASE,RW,PLY,LEFT,185 lb,5' 10",TREVOR MOORE,,80,80.00,86,84,78,78,86,80,81,80,81,83,82,80,82,82,73,78,75,80,65,80,71,80,62,82
BASE,C,TWF,LEFT,190 lb,6' 1",SCOTT LAUGHTON,,80,80.60,81,79,82,81,81,79,82,79,82,78,80,79,79,79,82,82,82,85,78,82,80,83,75,70
BASE,RW,TWF,RIGHT,174 lb,5' 10",TRAVIS KONECNY,,80,80.80,85,82,78,79,85,81,80,81,80,84,81,81,81,81,78,78,81,83,65,81,77,82,64,74
BASE,RD,TWD,RIGHT,220 lb,6' 4",RASMUS RISTOLAINEN,,80,80.80,84,82,85,83,84,72,84,74,83,78,79,73,80,79,83,85,83,80,80,80,83,82,50,75
BASE,RW,SNP,RIGHT,207 lb,6' 1",OWEN TIPPETT,,80,80.60,85,82,83,79,85,81,84,81,84,81,80,81,79,80,79,83,78,80,70,77,70,80,60,80
BASE,LD,OFD,LEFT,174 lb,5' 11",CAM YORK,,80,80.00,86,84,79,75,86,76,83,76,82,83,80,78,81,81,75,79,75,80,65,80,79,82,50,82
BASE,LD,TWD,LEFT,196 lb,6' 0",MIKEY ANDERSON,,80,80.75,84,82,81,80,84,75,80,78,82,79,79,79,81,80,81,81,80,80,75,83,82,84,55,75
BASE,RD,TWD,RIGHT,196 lb,5' 11",SEAN WALKER,,80,80.30,84,82,81,82,84,74,82,75,82,80,80,76,80,80,80,81,79,80,70,82,80,82,50,75
BASE,RD,TWD,RIGHT,194 lb,6' 0",SEAN DURZI,,80,80.15,84,82,80,78,84,75,82,75,82,82,80,75,82,80,80,80,80,80,70,80,80,82,55,75
BASE,LW,SNP,LEFT,209 lb,6' 2",ARTHUR KALIYEV,,80,80.05,82,80,83,75,82,82,85,82,84,82,80,82,80,80,75,83,79,80,70,77,68,80,60,75
BASE,LD,DFD,LEFT,225 lb,6' 4",BRENDEN DILLON,,79,78.95,81,78,84,84,81,70,82,70,82,70,75,70,77,75,84,84,84,85,82,82,83,83,50,62
BASE,C,TWF,RIGHT,194 lb,6' 2",MASON APPLETON,,79,79.20,82,80,82,80,83,78,83,78,82,78,77,77,77,77,78,83,78,80,70,77,74,80,74,80
BASE,RW,GRN,RIGHT,207 lb,6' 3",GARNET HATHAWAY,,79,80.00,81,79,83,78,81,77,82,77,82,77,78,77,78,77,85,83,85,80,85,78,79,83,60,65
BASE,C,TWF,LEFT,203 lb,6' 0",JOHAN LARSSON,,79,79.10,82,80,82,80,82,78,81,78,81,78,75,78,77,78,80,82,80,80,65,77,73,80,74,80
BASE,LW,TWF,LEFT,185 lb,5' 11",CARL HAGELIN,,79,79.50,86,82,79,81,86,77,81,77,80,82,75,77,77,77,77,80,79,75,70,80,77,80,60,82
BASE,C,TWF,LEFT,187 lb,6' 0",CONNOR MCMICHAEL,,79,79.20,84,83,79,75,85,80,82,81,82,81,79,81,80,80,75,77,75,80,68,76,70,79,74,79
BASE,LD,OFD,LEFT,176 lb,6' 0",ERIK GUSTAFSSON,,79,80.15,82,81,80,86,82,76,83,76,82,80,80,78,81,81,79,80,77,84,70,80,78,81,50,80
BASE,LD,DFD,LEFT,203 lb,6' 2",MARTIN FEHERVARY,,79,78.65,82,80,82,80,82,70,82,70,82,75,78,66,78,77,80,82,80,80,80,82,82,83,55,75
BASE,C,TWF,RIGHT,196 lb,6' 2",NIC DOWD,,79,78.75,83,80,81,77,82,76,81,76,81,76,76,76,76,76,79,81,79,79,75,79,79,81,78,77
BASE,C,TWF,RIGHT,205 lb,6' 0",SAM CARRICK,,79,79.35,83,80,81,78,83,77,82,77,82,79,77,78,77,77,80,82,83,80,80,77,75,79,74,70
BASE,C,TWF,LEFT,187 lb,6' 0",ISAC LUNDESTROM,,79,78.75,84,81,79,77,84,78,81,79,80,81,78,79,78,78,74,79,74,79,65,78,74,79,75,79
BASE,C,TWF,LEFT,205 lb,6' 3",DEREK GRANT,,79,79.30,81,79,82,79,82,77,82,78,82,78,78,78,78,78,79,82,79,82,70,78,76,80,76,80
BASE,C,PWF,RIGHT,209 lb,6' 6",NICK BJUGSTAD,,79,79.05,82,79,83,79,82,76,83,77,82,78,76,77,76,76,82,83,79,76,80,75,76,80,75,79
BASE,C,TWF,RIGHT,190 lb,6' 0",TRAVIS BOYD,,79,79.30,83,81,80,79,83,78,81,78,81,79,78,78,79,79,78,80,78,80,70,78,75,80,74,75
BASE,RW,TWF,RIGHT,214 lb,6' 2",CHRISTIAN FISCHER,,79,79.20,81,79,83,80,81,77,81,78,81,79,76,78,77,77,80,83,80,80,75,76,76,81,60,78
BASE,C,TWF,LEFT,190 lb,6' 1",BARRETT HAYTON,,79,79.20,83,80,79,77,83,78,81,79,81,79,78,79,78,78,79,79,79,79,75,78,77,79,75,74
BASE,RW,GRN,RIGHT,212 lb,6' 3",ZACK KASSIAN,,79,78.90,81,76,85,80,82,75,83,76,82,74,74,75,76,76,85,86,84,83,88,74,74,80,59,59
BASE,LW,PWF,LEFT,236 lb,6' 2",NICK RITCHIE,,79,79.00,81,78,84,80,81,76,83,76,83,77,74,79,76,76,84,84,82,77,80,74,72,80,59,69
BASE,RD,TWD,RIGHT,185 lb,5' 10",TROY STECHER,,79,78.95,85,83,80,82,84,70,82,70,82,80,76,72,77,76,80,80,80,82,65,80,80,80,50,77
BASE,LD,DFD,LEFT,207 lb,6' 4",BRIAN DUMOULIN,,79,79.45,82,80,82,83,82,71,82,72,82,74,78,71,79,78,82,82,80,82,75,83,83,83,50,80
BASE,LD,DFD,LEFT,176 lb,6' 4",MARCUS PETTERSSON,,79,79.25,82,80,82,82,82,72,82,72,82,74,78,73,78,78,80,82,80,85,70,82,82,82,50,75
BASE,C,TWF,LEFT,196 lb,6' 2",RYAN POEHLING,,79,79.50,82,80,82,78,82,78,82,78,82,78,78,78,77,77,81,82,80,85,75,78,77,80,74,75
BASE,RD,DFD,RIGHT,201 lb,6' 3",JAN RUTTA,,79,79.40,81,79,82,82,81,73,82,73,82,75,77,77,78,77,82,82,80,83,70,81,82,82,50,75
BASE,C,TWF,LEFT,214 lb,6' 2",SEAN KURALY,,79,79.65,82,80,82,78,82,77,82,76,82,78,77,77,77,77,82,82,82,80,75,79,79,82,77,70
BASE,LW,TWF,LEFT,201 lb,6' 2",ERIC ROBINSON,,79,79.55,82,80,82,79,82,78,82,78,82,78,78,78,78,78,80,82,80,80,70,79,75,80,60,80
BASE,C,TWF,RIGHT,192 lb,5' 11",LUKE GLENDENING,,79,79.50,85,80,80,80,85,76,81,76,80,76,77,76,76,76,80,80,80,82,75,82,82,82,85,79
BASE,LD,TWD,LEFT,205 lb,6' 3",THOMAS HARLEY,,79,78.65,84,80,81,78,84,74,83,74,82,77,76,74,79,79,75,82,75,80,75,77,79,80,45,78
BASE,LW,TWF,LEFT,212 lb,6' 0",NICK FOLIGNO,,79,79.60,82,80,83,80,82,75,82,76,82,77,75,76,76,76,83,83,83,80,80,79,80,82,75,70
BASE,C,PWF,LEFT,203 lb,6' 3",TRENT FREDERIC,,79,79.10,83,79,84,77,83,75,81,76,81,77,76,77,76,76,83,83,84,79,80,77,74,80,75,61
BASE,C,TWF,LEFT,205 lb,6' 3",TOMAS NOSEK,,79,79.30,82,80,82,79,83,76,82,76,82,78,76,78,76,76,82,82,80,80,70,77,78,81,76,82
BASE,LD,TWD,LEFT,198 lb,6' 1",MIKE REILLY,,79,79.20,84,82,80,80,84,72,82,72,81,78,78,72,80,79,79,80,79,80,70,81,80,81,50,75
BASE,C,TWF,LEFT,212 lb,6' 2",ZEMGUS GIRGENSONS,,79,79.60,83,79,82,80,84,77,82,77,82,78,77,78,78,78,81,81,80,75,75,78,77,80,74,80
BASE,RD,DFD,RIGHT,201 lb,6' 2",ILYA LYUBUSHKIN,,79,78.55,82,80,82,80,82,70,82,71,82,75,75,70,77,75,80,82,80,80,70,82,82,82,50,80
BASE,C,PLY,LEFT,196 lb,6' 1",CASEY MITTELSTADT,,79,78.80,85,82,79,79,85,78,81,78,81,81,80,79,80,80,74,79,74,79,65,76,69,76,75,79
BASE,C,TWF,LEFT,212 lb,6' 2",RILEY SHEAHAN,,79,79.40,82,79,84,80,82,76,82,76,82,78,75,78,75,76,82,83,80,85,75,77,79,82,75,85
BASE,C,PWF,LEFT,203 lb,6' 4",ADAM RUZICKA,,79,79.05,82,80,83,77,82,77,83,77,82,79,77,79,77,77,80,82,80,80,70,77,70,80,74,75
BASE,LD,TWD,LEFT,212 lb,6' 2",JUUSO VALIMAKI,,79,79.65,84,82,80,83,84,73,82,75,82,80,78,73,78,78,80,80,79,80,70,80,82,80,50,77
BASE,LD,DFD,LEFT,236 lb,6' 6",NIKITA ZADOROV,,79,79.20,81,79,85,84,81,69,83,70,82,70,75,70,76,75,85,85,85,80,87,81,85,83,50,65
BASE,LD,DFD,LEFT,234 lb,6' 3",BEN CHIAROT,,79,78.85,80,77,85,83,80,70,82,70,82,70,74,70,75,75,85,85,85,80,85,81,84,84,50,62
BASE,LW,PWF,LEFT,212 lb,6' 2",ADAM ERNE,,79,79.05,82,80,82,79,82,76,82,77,82,80,76,79,77,77,81,81,81,80,75,78,70,79,60,75
BASE,LW,SNP,LEFT,209 lb,6' 6",MICHAEL RASMUSSEN,,79,78.85,85,78,82,77,87,77,83,77,81,79,76,78,77,77,79,82,79,75,75,75,69,79,68,71
BASE,LW,SNP,LEFT,196 lb,6' 0",FILIP ZADINA,,79,79.20,87,82,78,79,87,79,82,80,82,82,81,79,80,80,69,79,74,79,65,77,69,78,59,79
BASE,RW,SNP,RIGHT,190 lb,6' 0",JESPER FAST,,79,79.85,86,84,80,79,86,79,82,80,82,83,80,80,80,80,70,80,75,75,67,77,75,79,60,83
BASE,RW,SNP,RIGHT,181 lb,5' 10",SETH JARVIS,,79,79.45,86,84,75,75,85,80,83,83,82,84,83,83,82,83,67,75,70,80,65,81,70,78,65,85
BASE,LD,DFD,LEFT,194 lb,6' 1",CALVIN DE HAAN,,79,79.95,85,83,80,84,85,73,82,73,82,80,78,73,79,78,79,80,79,76,67,81,83,82,50,75
BASE,C,PLY,LEFT,194 lb,6' 0",PAUL STASTNY,,79,79.10,82,77,79,79,82,79,81,79,81,79,81,79,81,81,74,79,74,69,70,80,74,81,79,84
BASE,LD,TWD,LEFT,203 lb,6' 2",JAKE GARDINER,,79,80.05,85,82,82,82,85,73,83,73,82,78,80,73,78,78,80,82,80,75,70,81,82,82,50,80
BASE,LW,TWF,LEFT,196 lb,6' 0",JORDAN MARTINOOK,,79,79.10,82,80,82,80,82,76,81,77,80,78,75,77,76,76,82,82,82,84,65,78,75,81,70,77
BASE,C,TWF,LEFT,194 lb,6' 2",BRETT HOWDEN,,79,79.70,82,80,83,80,82,77,82,78,82,78,76,78,76,76,83,82,82,80,75,77,80,80,74,75
BASE,LD,DFD,LEFT,207 lb,6' 4",BRAYDEN MCNABB,,79,79.10,81,79,83,82,82,72,83,72,82,73,75,72,75,75,83,83,82,80,80,82,83,83,50,70
BASE,RW,GRN,RIGHT,227 lb,6' 2",KEEGAN KOLESAR,,79,78.60,81,78,84,77,81,76,81,76,81,75,76,76,76,76,82,84,84,79,87,77,69,82,64,59
BASE,LD,TWD,LEFT,214 lb,6' 6",NICOLAS HAGUE,,79,79.50,82,80,83,80,82,73,85,73,83,72,77,72,78,77,82,83,80,80,75,82,83,83,49,75
BASE,C,TWF,RIGHT,198 lb,6' 2",NOLAN PATRICK,,79,79.05,82,80,80,80,82,79,81,79,81,79,78,79,78,78,75,82,75,75,72,77,75,81,74,77
BASE,LW,PWF,LEFT,212 lb,6' 2",WILLIAM CARRIER,,79,79.15,83,80,82,78,83,76,82,76,82,76,76,76,76,76,82,82,82,75,75,77,77,81,60,75
BASE,RW,GRN,RIGHT,205 lb,6' 4",NATHAN BASTIAN,,79,78.80,82,80,82,79,82,76,83,76,82,75,75,76,75,75,83,83,83,78,80,77,72,80,60,65
BASE,C,TWF,LEFT,181 lb,6' 0",JESPER BOQVIST,,79,79.20,84,82,79,78,84,78,82,80,82,81,79,79,79,79,75,80,75,80,65,78,72,78,74,79
BASE,LD,DFD,LEFT,220 lb,6' 5",RYAN GRAVES,,79,78.95,82,78,84,77,82,71,82,71,81,74,77,71,78,77,82,84,82,74,77,81,83,82,49,74
BASE,C,TWF,RIGHT,187 lb,6' 2",MICHAEL MCLEOD,,79,79.85,87,80,79,80,87,78,82,78,82,81,78,78,78,77,80,79,80,80,70,79,75,79,75,70
BASE,C,TWF,RIGHT,130 lb,5' 9",COLIN BLACKWELL,,79,79.25,84,82,80,77,84,80,82,80,82,80,77,79,77,77,79,80,79,80,65,78,67,81,74,80
BASE,C,PLY,LEFT,190 lb,6' 0",PHILIPP KURASHEV,,79,79.15,84,82,78,78,84,78,82,78,82,82,79,80,80,80,75,79,75,80,65,78,70,79,74,82
BASE,C,GRN,LEFT,212 lb,6' 4",JUJHAR KHAIRA,,79,79.15,80,78,84,80,81,75,83,75,82,75,75,75,75,75,84,85,84,80,75,77,80,80,74,70
BASE,RD,DFD,RIGHT,212 lb,6' 4",CONNOR MURPHY,,79,78.90,82,79,83,82,82,71,82,72,82,70,76,70,77,76,82,83,83,75,77,82,82,82,50,75
BASE,LD,TWD,LEFT,205 lb,6' 1",JAKE MCCABE,,79,79.95,82,80,81,85,82,74,82,75,82,75,79,74,80,79,81,81,80,72,65,82,82,83,50,77
BASE,C,TWF,LEFT,170 lb,6' 0",LUKAS REICHEL,,79,78.65,84,82,80,65,84,78,82,79,82,82,79,79,78,78,75,79,75,80,75,78,75,79,74,75
BASE,RW,TWF,RIGHT,218 lb,6' 4",JOEL ARMIA,,79,78.85,84,81,82,79,84,76,81,77,81,80,75,79,76,76,78,82,77,74,67,78,72,79,59,79
BASE,LD,DFD,LEFT,227 lb,6' 4",JOEL EDMUNDSON,,79,79.05,80,78,84,83,81,71,82,71,82,70,75,70,77,75,85,85,83,78,80,82,83,84,50,70
BASE,C,TWF,RIGHT,18 lb,6' 0",JAKE EVANS,,79,79.95,85,83,80,78,85,79,82,79,82,82,80,78,79,79,79,79,79,80,65,79,72,80,74,75
BASE,C,TWF,LEFT,18 lb,5' 11",REM PITLICK,,79,79.15,83,80,79,77,84,78,81,79,81,79,78,79,78,78,79,79,78,79,75,79,75,79,75,74
BASE,RD,DFD,RIGHT,234 lb,6' 1",DAVID SAVARD,,79,79.65,82,80,83,85,82,70,82,71,81,73,78,72,79,79,82,83,82,85,77,82,84,83,50,70
BASE,RD,TWD,RIGHT,181 lb,5' 10",CHRIS WIDEMAN,,79,80.00,84,82,79,78,85,75,83,75,82,82,80,78,80,80,78,79,78,78,70,80,82,80,50,75
BASE,LW,GRN,LEFT,190 lb,6' 1",ANTON BLIDH,,79,79.15,81,79,82,80,81,75,82,76,82,75,75,76,75,75,84,82,86,80,75,78,77,82,60,70
BASE,LW,TWF,LEFT,174 lb,5' 10",ANDREW COGLIANO,,79,79.40,87,83,78,79,87,75,80,77,80,82,75,78,77,77,76,78,78,80,65,83,78,80,60,90
BASE,LD,TWD,LEFT,176 lb,5' 9",BRAD HUNT,,79,78.90,84,82,79,80,84,75,82,75,82,80,77,75,77,77,77,79,75,75,74,79,79,80,50,80
BASE,LD,OFD,LEFT,183 lb,5' 11",SEBASTIAN AHO,,79,79.25,85,83,78,78,85,74,82,74,82,83,80,75,81,81,75,78,75,80,65,77,80,79,50,85
BASE,RD,DFD,RIGHT,225 lb,6' 3",JOSH MANSON,,79,79.15,81,78,83,83,82,71,81,70,81,73,76,72,76,76,83,83,83,79,80,82,84,85,49,64
BASE,RW,TWF,RIGHT,174 lb,6' 0",LOGAN O'CONNOR,,79,78.90,84,82,79,77,84,78,81,78,80,79,78,78,78,78,77,79,77,80,70,79,72,80,60,78
BASE,C,PWF,LEFT,194 lb,6' 1",KIEFFER BELLOWS,,79,79.30,83,80,81,79,83,78,82,78,82,79,77,78,77,77,82,82,82,80,75,76,70,80,74,70
BASE,C,TWF,LEFT,194 lb,5' 11",CASEY CIZIKAS,,79,79.15,84,81,78,79,84,76,80,76,80,79,75,77,76,76,79,79,79,77,70,82,81,82,75,84
BASE,LW,GRN,LEFT,220 lb,6' 4",MATT MARTIN,,79,79.20,82,78,84,78,82,75,82,75,82,75,73,75,75,75,88,84,88,77,87,77,77,79,60,60
BASE,RW,GRN,RIGHT,215 lb,5' 11",CAL CLUTTERBUCK,,79,79.40,82,80,82,80,82,76,81,76,81,78,75,77,75,75,85,82,85,80,80,78,78,80,60,70
BASE,RD,DFD,RIGHT,223 lb,6' 5",SCOTT MAYFIELD,,79,78.90,79,77,85,82,79,71,82,71,82,72,75,72,77,75,84,85,83,80,83,81,83,83,50,70
BASE,LW,TWF,LEFT,194 lb,5' 11",ZACH PARISE,,79,79.55,83,80,80,80,83,78,81,79,81,80,80,79,80,80,75,80,75,77,75,80,75,82,60,85
BASE,C,TWF,RIGHT,205 lb,6' 2",CODY GLASS,,79,79.25,84,81,81,80,84,79,82,79,82,79,77,79,79,79,75,81,75,80,75,75,75,79,74,75
BASE,LW,GRN,LEFT,207 lb,6' 4",ZACH SANFORD,,79,79.80,82,80,83,80,82,78,82,78,82,78,76,80,77,77,83,83,80,78,80,78,75,82,60,75
BASE,C,TWF,RIGHT,192 lb,6' 2",SHANE PINTO,,79,79.50,84,80,82,80,84,76,82,77,82,78,77,78,77,76,82,82,82,80,75,76,75,80,74,72
BASE,RD,TWD,RIGHT,194 lb,6' 2",NIKITA ZAITSEV,,79,79.05,82,80,82,85,83,72,82,72,81,75,76,72,77,77,80,82,79,83,70,80,82,82,50,78
BASE,RD,TWD,RIGHT,198 lb,6' 2",ARTEM ZUB,,79,79.25,82,80,82,82,82,73,82,74,82,72,77,71,78,78,82,82,81,80,80,80,82,83,50,75
BASE,LW,TWF,LEFT,192 lb,5' 10",TYLER MOTTE,,79,79.40,84,82,80,79,84,76,82,76,81,80,75,77,76,76,82,80,82,80,68,78,79,79,65,77
BASE,RW,TWF,LEFT,205 lb,6' 2",SAMMY BLAIS,,79,79.60,82,80,82,79,80,78,82,78,82,78,77,78,77,77,82,82,82,80,75,79,75,82,60,79
BASE,LD,DFD,LEFT,198 lb,6' 0",RYAN LINDGREN,,79,79.20,84,81,80,82,84,72,82,72,82,75,75,72,75,75,82,82,80,80,75,83,83,83,50,65
BASE,RW,GRN,RIGHT,225 lb,6' 1",RYAN REAVES,,79,79.65,81,78,87,77,81,76,82,76,82,75,75,75,75,75,87,87,88,85,94,75,78,83,65,55
BASE,C,TWF,LEFT,196 lb,6' 1",NICK BONINO,,79,79.20,84,81,79,80,85,78,81,77,81,79,77,77,77,77,77,79,77,82,75,79,78,81,75,82
BASE,LD,DFD,LEFT,223 lb,6' 3",NIKOLAI KNYZHOV,,79,78.95,80,80,84,82,79,71,83,73,83,71,74,72,76,74,82,84,83,80,70,81,83,84,50,75
BASE,LD,TWD,LEFT,185 lb,5' 11",MARIO FERRARO,,79,79.40,84,82,80,80,84,72,82,74,82,78,75,72,80,78,80,80,80,80,70,81,82,82,50,78
BASE,C,TWF,LEFT,205 lb,6' 4",STEVEN LORENTZ,,79,78.65,81,78,84,78,81,75,82,75,82,75,75,75,75,75,82,84,80,80,75,77,78,81,75,75
BASE,C,TWF,LEFT,209 lb,6' 3",NICO STURM,,79,79.20,82,80,83,80,81,78,83,78,82,78,77,78,78,78,78,83,79,80,70,78,70,80,74,78
BASE,LW,SNP,LEFT,207 lb,6' 3",EVGENY SVECHNIKOV,,79,79.60,81,80,82,78,81,78,84,79,84,81,79,79,79,79,80,82,80,80,70,77,70,79,55,75
BASE,C,TWF,LEFT,190 lb,6' 0",NOAH GREGOR,,79,78.95,84,81,78,77,84,78,81,78,81,79,79,78,78,78,78,79,78,79,70,78,74,78,75,79
BASE,LW,TWF,LEFT,201 lb,5' 11",MATT NIETO,,79,79.05,84,82,79,78,85,78,81,78,81,80,78,78,79,79,75,79,75,78,70,78,75,79,55,80
BASE,RD,TWD,RIGHT,209 lb,6' 2",CODY CECI,,79,78.95,82,79,82,86,82,70,83,73,82,73,77,73,79,77,79,82,77,79,70,81,81,81,49,79
BASE,LW,SNP,LEFT,196 lb,6' 1",MATTIAS JANMARK,,79,79.00,85,82,79,80,85,77,81,78,81,81,77,79,77,77,76,79,76,83,65,79,72,79,64,82
BASE,LD,TWD,LEFT,196 lb,6' 2",BRETT KULAK,,79,79.05,84,82,80,82,84,72,82,72,82,78,76,72,76,76,80,80,80,80,70,80,82,81,50,75
BASE,RW,TWF,RIGHT,190 lb,6' 0",JOONAS DONSKOI4,,79,79.85,85,82,80,80,85,77,82,77,81,80,77,79,77,77,80,80,80,78,70,79,79,80,62,85
BASE,LD,DFD,LEFT,256 lb,6' 7",JAMIE OLEKSIAK,,79,79.15,80,78,88,82,80,70,84,72,84,70,75,65,75,75,85,88,83,80,85,81,84,84,50,80
BASE,LW,TWF,LEFT,181 lb,6' 0",RYAN DONATO,,79,79.80,84,82,79,80,84,79,82,79,82,81,79,80,79,79,77,79,77,78,70,79,75,80,65,80
BASE,C,TWF,RIGHT,192 lb,6' 3",MORGAN GEEKIE,,79,79.65,81,79,83,78,82,77,82,79,82,79,78,79,78,78,80,83,80,80,70,78,77,80,74,75
BASE,C,TWF,LEFT,207 lb,6' 2",RYAN MCLEOD,,79,79.55,87,82,80,75,87,77,81,77,81,80,77,78,77,77,80,80,80,80,70,79,77,79,74,78
BASE,C,TWF,RIGHT,185 lb,5' 10",DEREK RYAN,,79,79.00,82,80,80,79,82,77,81,78,81,80,77,77,77,77,79,80,79,84,75,80,75,79,81,75
BASE,RD,OFD,RIGHT,194 lb,6' 2",JUSTIN SCHULTZ,,79,79.45,84,81,80,83,85,74,82,74,82,82,79,78,79,79,76,80,74,64,65,79,79,79,49,84
BASE,LD,DFD,LEFT,212 lb,6' 5",CARSON SOUCY,,79,79.05,80,78,84,82,80,72,83,73,83,70,76,70,78,76,84,84,82,80,80,80,83,83,50,65
BASE,LD,TWD,LEFT,205 lb,6' 1",RYAN MURRAY,,79,79.65,84,82,82,83,84,72,82,73,82,77,77,73,78,77,80,82,79,70,70,82,82,82,50,80
BASE,RW,TWF,RIGHT,209 lb,5' 10",NOEL ACCIARI,,79,78.90,82,80,82,80,81,75,82,76,81,75,77,75,76,75,80,82,79,80,67,79,79,82,73,82
BASE,C,PWF,LEFT,227 lb,6' 6",LOGAN BROWN,,79,78.50,80,79,85,78,81,75,82,76,81,76,75,76,77,76,83,85,80,80,80,75,69,81,74,70
BASE,C,TWF,RIGHT,197 lb,6' 0",FREDERICK GAUDREAU,,79,79.00,84,81,77,75,84,80,80,80,80,81,81,80,81,81,74,77,74,84,65,79,71,80,75,84
BASE,C,PLY,LEFT,190 lb,5' 11",SAM STEEL,,79,79.75,84,83,78,80,83,79,81,79,81,82,81,78,81,81,77,78,75,85,65,78,75,81,74,82
BASE,C,TWF,LEFT,187 lb,5' 11",TYSON JOST,,79,80.15,83,81,80,80,83,79,80,79,80,80,78,80,80,80,80,80,80,82,70,78,80,82,74,78
BASE,LD,TWD,LEFT,172 lb,5' 11",ALEX GOLIGOSKI,,79,79.60,82,80,79,80,82,75,83,75,82,78,82,74,82,82,79,79,75,75,75,81,80,82,50,80
BASE,LW,PWF,LEFT,212 lb,6' 4",SLIM KOSTIN,,79,79.20,82,80,84,78,82,78,83,79,83,80,77,79,76,76,80,84,79,80,85,75,70,79,68,70
BASE,LD,DFD,LEFT,209 lb,6' 3",MARCO SCANDELLA,,79,78.65,81,79,83,82,82,70,82,72,82,70,75,70,77,75,83,83,80,75,77,81,83,83,50,75
BASE,RW,TWF,RIGHT,187 lb,5' 11",NICOLAS AUBE-KUBEL,,79,78.80,82,80,79,73,82,79,81,80,81,79,79,79,79,79,79,79,80,80,65,80,65,81,60,70
BASE,RD,DFD,RIGHT,194 lb,6' 3",JUSTIN HOLL,,79,78.90,84,81,82,80,84,71,82,73,82,70,75,70,77,77,80,82,80,85,80,82,83,83,50,65
BASE,LW,TWF,LEFT,198 lb,6' 0",PIERRE-EDOUARD BELLEMARE,,79,79.35,83,81,80,79,83,76,81,77,81,78,76,76,76,76,80,80,80,80,65,80,81,83,80,80
BASE,LD,DFD,LEFT,225 lb,6' 1",IAN COLE,,79,79.15,81,79,83,85,82,71,83,73,82,70,77,70,75,75,83,83,83,80,75,82,82,84,50,65
BASE,LD,TWD,LEFT,207 lb,6' 3",HAYDN FLEURY,,79,78.90,82,80,82,79,82,72,82,72,82,75,77,74,77,77,80,82,80,78,70,80,82,81,50,78
BASE,RD,TWD,RIGHT,227 lb,6' 4",CAL FOOTE,,79,79.25,82,80,83,81,82,72,83,73,83,75,76,73,77,77,80,83,82,80,75,79,82,82,55,75
BASE,LW,TWF,RIGHT,185 lb,5' 11",CALLE JARNKROK,,79,79.10,86,83,78,80,86,79,80,79,80,82,79,80,79,79,74,78,74,81,65,78,69,79,72,82
BASE,LD,TWD,LEFT,183 lb,5' 9",VICTOR METE,,79,79.25,85,83,78,80,85,72,81,75,82,82,77,75,78,78,78,79,77,80,67,79,80,81,50,85
BASE,RW,PWF,RIGHT,181 lb,6' 2",WAYNE SIMMONDS,,79,79.50,82,79,83,81,82,76,83,77,82,76,75,76,75,75,83,84,85,84,80,76,79,81,60,65
BASE,C,TWF,LEFT,194 lb,6' 2",DAVID KAMPF,,79,79.40,83,81,80,80,83,80,81,80,81,78,79,79,78,77,79,80,79,79,65,82,67,81,82,80
BASE,LD,TWD,LEFT,203 lb,6' 0",TRAVIS DERMOTT,,79,79.95,85,82,80,82,85,73,82,73,82,80,79,75,81,79,80,80,80,80,70,80,80,81,50,75
BASE,RD,DFD,RIGHT,229 lb,6' 2",LUKE SCHENN,,79,78.50,80,78,85,80,81,69,83,70,82,69,73,69,76,74,85,85,85,85,80,81,82,83,50,65
BASE,C,PLY,LEFT,183 lb,5' 11",NICK COUSINS,,79,79.40,84,82,78,79,84,78,81,79,81,82,80,78,80,80,76,78,77,85,65,78,73,80,74,84
BASE,LW,TWF,LEFT,187 lb,5' 9",RYAN LOMBERG,,79,79.55,83,80,81,78,83,77,81,77,81,78,77,77,77,77,83,81,85,80,80,76,78,81,60,65
BASE,LW,SNP,LEFT,181 lb,5' 11",RUDOLFS BALCERS,,79,79.45,84,82,78,80,84,79,82,79,82,82,79,80,79,79,75,80,77,80,65,78,70,80,60,90
BASE,C,TWF,LEFT,194 lb,6' 1",CHRIS TIERNEY,,79,79.50,84,82,81,82,84,76,80,77,80,80,76,78,77,76,81,81,80,84,70,79,75,81,74,79
BASE,C,TWF,LEFT,190 lb,6' 3",EETU LUOSTARINEN,,79,79.25,83,80,83,77,83,76,83,77,83,77,76,78,76,76,80,83,80,77,65,77,76,81,74,75
BASE,LD,DFD,LEFT,212 lb,6' 4",ALEXANDER EDLER,,79,78.65,81,79,83,80,81,70,83,72,82,73,75,72,75,75,80,83,80,70,80,83,83,83,50,78
BASE,LW,TWF,LEFT,201 lb,6' 0",CARL GRUNDSTROM,,79,79.75,82,80,82,80,82,78,82,78,82,78,77,78,78,78,82,82,82,80,70,78,75,81,65,75
BASE,LW,GRN,LEFT,214 lb,6' 1",BRENDAN LEMIEUX,,79,79.50,81,79,82,77,81,75,82,77,82,78,76,78,76,76,83,83,85,85,80,78,79,82,60,55
BASE,C,TWF,RIGHT,183 lb,6' 1",RASMUS KUPARI,,79,79.20,85,83,80,78,85,80,81,80,81,80,76,80,79,80,78,80,78,80,68,74,70,76,74,75
BASE,C,PLY,LEFT,172 lb,5' 7",BLAKE LIZOTTE,,79,78.95,85,83,75,79,85,79,81,79,80,83,81,79,81,81,72,78,71,85,70,81,67,79,74,77
BASE,RD,TWD,RIGHT,201 lb,6' 1",MATT ROY,,79,78.70,83,81,82,83,83,72,82,73,82,70,75,70,77,75,81,82,81,85,80,80,80,82,50,75
BASE,C,PWF,RIGHT,201 lb,6' 3",GABE VILARDI,,79,79.60,82,81,83,80,82,77,83,78,83,79,75,78,78,79,81,83,80,75,70,75,75,80,74,80
BASE,RD,DFD,RIGHT,205 lb,6' 2",JUSTIN BRAUN,,79,78.95,81,79,82,80,81,73,81,74,80,76,78,75,76,76,80,82,79,75,70,81,82,83,50,80
BASE,LW,GRN,LEFT,218 lb,6' 3",NICOLAS DESLAURIERS,,79,79.15,80,78,83,77,80,75,82,75,82,71,75,75,76,76,85,85,86,82,92,78,81,83,60,60
BASE,C,PLY,LEFT,170 lb,5' 11",MORGAN FROST,,79,78.90,86,84,78,78,86,79,82,79,82,82,80,79,80,80,70,77,75,80,67,77,65,79,74,85
BASE,LD,TWD,LEFT,201 lb,6' 0",TOBIAS BJORNFOT,,79,78.95,85,82,80,80,84,71,82,75,82,80,75,75,75,75,80,80,79,80,70,79,80,80,50,80
BASE,LD,TWD,LEFT,194 lb,6' 1",CALEB JONES,,79,79.45,84,82,80,82,84,72,82,72,82,79,76,75,78,77,80,82,80,80,70,79,81,82,50,75
BASE,C,TWF,LEFT,201 lb,6' 1",COLE SILLINGER,,79,79.05,83,81,77,70,83,80,82,80,82,82,83,80,82,82,75,77,75,80,68,79,70,78,74,80
BASE,LW,PWF,LEFT,212 lb,6' 4",KLIM KOSTIN,,79,79.20,82,80,84,78,82,78,83,79,83,80,77,79,76,76,80,84,79,80,85,75,70,79,68,70
BASE,LW,TWF,LEFT,201 lb,6' 2",DOMINIC TONINATO,,78,78.00,82,80,82,74,82,75,82,75,82,75,75,75,75,75,80,82,80,80,75,75,75,79,65,75
BASE,LD,DFD,LEFT,231 lb,6' 7",LOGAN STANLEY,,78,78.65,81,78,85,82,81,70,85,69,84,69,70,68,75,74,85,85,83,80,80,79,85,85,50,70
BASE,RD,DFD,RIGHT,194 lb,6' 1",DYLAN DEMELO,,78,78.15,82,80,80,82,82,71,82,72,82,73,72,73,74,74,80,80,80,82,77,81,82,81,50,75
BASE,LW,TWF,LEFT,187 lb,6' 1",JANSEN HARKINS,,78,78.70,82,80,82,79,81,76,82,77,82,78,75,78,76,76,80,82,80,80,70,76,72,80,70,75
BASE,C,SNP,LEFT,185 lb,5' 10",COLE PERFETTI,,78,78.80,82,82,79,76,82,80,82,80,82,84,78,80,79,79,70,78,75,80,70,76,72,80,73,82
BASE,RD,DFD,RIGHT,192 lb,6' 3",TREVOR VAN RIEMSDYK,,78,78.55,81,79,82,82,81,70,82,71,82,72,76,70,77,76,82,82,80,80,75,81,83,82,50,82
BASE,RD,DFD,RIGHT,205 lb,6' 1",NICK JENSEN,,78,78.90,83,80,80,80,83,72,82,73,81,75,78,72,77,77,80,80,80,75,70,81,82,82,50,70
BASE,LD,TWD,LEFT,185 lb,6' 0",JOSH MAHURA,,78,78.25,82,80,80,80,82,71,82,72,82,75,76,73,77,77,80,80,79,75,70,78,80,79,50,1
BASE,C,PWF,LEFT,207 lb,6' 1",MASON MCTAVISH,,78,78.70,81,78,80,75,81,78,81,78,82,78,78,78,78,78,80,80,80,80,75,75,75,80,73,72
BASE,LD,DFD,LEFT,185 lb,6' 1",URHO VAAKANAINEN,,78,78.75,82,80,82,80,82,70,82,71,82,78,75,72,75,75,82,82,82,80,80,79,82,82,55,70
BASE,LD,TWD,LEFT,172 lb,6' 1",JANIS JEROME MOSER,,78,78.45,85,82,80,69,85,72,82,73,82,77,76,73,79,79,80,80,80,63,80,77,79,79,55,78
BASE,LW,PWF,LEFT,205 lb,6' 3",ANDREW LADD,,78,79.00,80,78,83,81,80,76,83,76,83,75,75,76,76,76,83,83,83,60,85,75,75,83,60,70
BASE,RD,TWD,RIGHT,192 lb,5' 11",CHAD RUHWEDEL,,78,78.40,83,81,80,83,83,71,82,72,81,77,75,72,76,76,79,80,78,75,65,79,80,80,50,80
BASE,RW,TWF,RIGHT,176 lb,5' 10",JOSH ARCHIBALD,,78,78.35,85,83,78,80,85,79,81,79,80,80,75,79,78,79,73,77,75,80,65,75,70,76,60,80
BASE,LW,PWF,LEFT,190 lb,6' 3",DREW O'CONNOR,,78,78.70,82,80,83,79,82,76,83,76,83,75,72,76,75,76,83,83,83,80,85,72,75,80,60,70
BASE,RW,SNP,LEFT,179 lb,6' 0",YEGOR CHINAKHOV,,78,78.80,85,82,80,73,85,80,83,80,83,81,78,80,78,78,75,79,75,80,65,75,70,76,65,80
BASE,RD,DFD,RIGHT,196 lb,6' 3",ANDREW PEEKE,,78,78.55,81,79,83,80,82,69,82,70,82,75,74,70,76,74,82,83,82,80,80,82,82,83,45,72
BASE,RD,DFD,RIGHT,220 lb,6' 6",JANI HAKANPAA,,78,77.80,80,78,84,78,80,73,82,74,82,68,70,70,73,73,83,84,80,80,80,80,82,82,55,70
BASE,LW,SNP,LEFT,181 lb,5' 11",JOEL KIVIRANTA,,78,78.05,84,82,78,75,84,77,82,77,82,82,77,79,77,77,73,78,73,80,65,75,70,79,65,77
BASE,LD,DFD,LEFT,218 lb,6' 4",DEREK FORBORT,,78,78.70,80,78,83,83,81,70,82,72,82,70,75,70,77,75,83,83,82,80,80,81,84,83,50,70
BASE,RD,TWD,RIGHT,194 lb,5' 11",CONNOR CLIFTON,,78,78.80,84,81,80,80,83,71,82,72,80,80,75,72,78,76,79,80,80,80,70,79,82,82,50,75
BASE,RD,DFD,RIGHT,185 lb,5' 11",ANTON STRALMAN,,78,78.65,81,79,80,80,81,73,82,73,82,75,77,73,78,77,79,80,78,74,70,81,82,82,50,85
BASE,C,TWF,RIGHT,194 lb,6' 2",JACK STUDNICKA,,78,77.80,82,81,79,75,82,76,81,77,81,77,78,77,77,78,75,80,77,80,70,76,67,80,73,80
BASE,RW,TWF,RIGHT,198 lb,6' 0",CHRIS WAGNER,,78,77.85,82,80,80,80,82,76,81,76,80,76,73,76,76,77,80,80,79,83,67,76,70,77,72,77
BASE,LD,TWD,LEFT,194 lb,6' 0",JAKUB ZBORIL,,78,77.95,84,80,81,80,84,69,82,72,81,74,74,72,76,75,80,80,79,80,70,77,79,80,50,77
BASE,LD,TWD,LEFT,179 lb,5' 9",JACOB BRYSON,,78,78.20,84,82,77,79,85,72,82,74,81,80,75,75,77,77,75,77,75,80,65,78,80,79,50,80
BASE,RW,TWF,RIGHT,176 lb,5' 10",VINNIE HINOSTROZA,,78,79.00,85,83,77,79,85,79,81,79,81,82,78,79,79,79,75,76,75,80,65,78,73,77,67,82
BASE,LW,TWF,LEFT,196 lb,6' 0",ANDERS BJORK,,78,78.40,82,80,80,78,83,77,81,77,80,80,77,77,76,76,77,80,77,80,67,77,75,78,60,80
BASE,LD,TWD,LEFT,178 lb,5' 11",LAWRENCE PILUT,,78,78.35,84,82,78,79,84,73,82,74,82,79,77,74,77,77,76,78,77,80,65,77,78,79,55,80
BASE,RW,SNP,RIGHT,176 lb,6' 0",JACK QUINN,,78,78.15,84,82,78,75,83,81,82,82,82,82,75,80,80,80,75,77,75,80,65,70,65,75,55,85
BASE,LD,DFD,LEFT,223 lb,6' 4",MATTIAS SAMUELSSON,,78,78.50,80,78,85,80,82,70,83,71,82,73,71,69,74,75,85,85,85,80,80,76,83,83,55,75
BASE,C,TWF,RIGHT,203 lb,6' 1",TREVOR LEWIS,,78,79.00,84,82,80,78,84,75,81,76,80,78,75,77,75,75,80,80,80,65,70,80,80,80,73,82
BASE,C,TWF,LEFT,190 lb,6' 2",KEVIN ROONEY,,78,78.60,81,79,82,80,81,75,82,76,82,76,72,76,75,76,83,82,84,80,75,74,76,80,73,65
BASE,RW,PWF,RIGHT,220 lb,6' 4",BRETT RITCHIE,,78,78.40,81,79,84,78,81,75,82,76,82,75,73,75,75,75,83,84,83,80,80,73,72,82,60,70
BASE,LD,DFD,LEFT,205 lb,6' 2",ROBERT HAGG,,78,78.15,80,78,82,80,81,72,82,72,82,70,73,70,75,75,82,82,82,80,70,80,83,82,50,75
BASE,RD,DFD,RIGHT,183 lb,6' 2",GUSTAV LINDSTROM,,78,78.50,83,81,82,80,83,69,82,70,82,75,75,70,77,76,80,82,80,80,70,80,82,81,45,75
BASE,RW,TWF,RIGHT,196 lb,6' 2",MATT LUFF,,78,78.45,82,80,82,78,82,76,82,76,82,75,75,76,75,75,81,82,80,79,70,76,74,80,60,75
BASE,LD,DFD,LEFT,205 lb,6' 2",OLLI MAATTA,,78,78.45,82,79,82,82,82,70,82,70,82,75,73,70,77,75,82,82,79,75,70,81,82,82,50,80
BASE,LD,DFD,LEFT,183 lb,6' 0",JORDAN OESTERLE,,78,78.15,82,80,80,82,82,73,81,73,80,75,73,73,75,75,80,80,78,80,70,78,82,81,50,80
BASE,LW,GRN,LEFT,216 lb,6' 2",GIVANI SMITH,,78,78.55,82,80,83,77,82,75,82,75,82,75,75,76,75,75,83,83,83,80,82,76,70,82,65,65
BASE,LD,DFD,LEFT,201 lb,6' 1",JAKE WALMAN,,78,78.15,82,80,80,75,83,71,82,72,82,76,75,71,77,76,80,80,80,80,70,78,82,81,55,75
BASE,RD,DFD,RIGHT,196 lb,6' 1",MARK PYSYK,,78,78.35,84,82,80,80,85,70,80,71,80,77,75,70,76,75,80,80,77,78,65,81,82,82,50,80
BASE,RD,TWD,RIGHT,190 lb,6' 2",DYLAN COGHLAN,,78,78.50,83,80,82,80,83,71,82,71,82,72,75,72,77,75,82,82,80,80,75,80,80,81,50,75
BASE,C,TWF,RIGHT,205 lb,6' 2",MIKE AMADIO,,78,78.15,82,80,81,78,82,77,81,77,81,77,73,77,76,77,80,81,78,80,75,73,74,78,73,80
BASE,RD,TWD,RIGHT,209 lb,6' 2",ZACH WHITECLOUD,,78,78.55,82,80,82,82,82,70,82,70,82,73,75,71,75,75,82,82,80,80,75,82,82,82,50,77
BASE,LD,DFD,LEFT,218 lb,6' 2",JONAS SIEGENTHALER,,78,78.10,80,78,83,80,81,69,82,71,82,70,73,70,74,74,83,82,85,80,80,80,83,82,50,65
BASE,LD,DFD,LEFT,227 lb,6' 1",JACK JOHNSON,,78,77.95,80,78,82,80,80,72,82,72,82,70,74,70,76,76,80,82,80,75,75,81,81,81,50,70
BASE,LW,TWF,LEFT,205 lb,6' 2",BORIS KATCHOUK,,78,78.10,82,79,81,77,82,76,81,77,81,76,75,75,76,76,81,80,81,80,75,75,73,78,65,75
BASE,RW,PWF,RIGHT,183 lb,6' 4",MACKENZIE ENTWISTLE,,78,77.80,82,78,82,70,82,75,82,75,81,77,75,76,75,75,82,83,80,80,80,75,72,79,61,75
BASE,C,TWF,RIGHT,194 lb,6' 1",SAM LAFFERTY,,78,78.40,83,81,80,79,83,76,81,76,81,77,76,77,76,76,80,80,80,80,70,76,70,80,73,80
BASE,LD,DFD,LEFT,196 lb,6' 1",RILEY STILLMAN,,78,77.80,84,82,81,78,84,69,82,70,81,70,73,67,75,75,81,81,80,80,75,80,82,81,55,75
BASE,LW,TWF,LEFT,159 lb,5' 9",PAUL BYRON,,78,78.55,84,82,77,77,84,78,81,78,81,83,78,78,78,78,75,77,75,75,65,78,72,77,65,82
BASE,LW,GRN,LEFT,216 lb,6' 1",MICHAEL PEZZETTA,,78,78.50,83,81,82,77,83,75,81,75,81,76,72,75,75,76,82,82,85,80,80,73,78,78,65,60
BASE,LW,TWF,LEFT,192 lb,6' 0",DARREN HELM,,78,78.80,85,83,78,80,85,75,80,75,80,80,75,76,75,75,77,77,78,74,70,80,80,82,66,85
BASE,LD,TWD,LEFT,187 lb,6' 1",ROBIN SALO,,78,78.10,84,81,80,69,84,72,82,73,81,79,73,72,77,77,80,80,80,70,70,76,82,80,64,78
BASE,LD,DFD,LEFT,205 lb,6' 2",JEREMY LAUZON,,78,78.05,80,78,82,80,81,69,83,68,82,72,72,70,76,76,83,82,84,80,75,80,81,82,50,70
BASE,RW,PWF,RIGHT,231 lb,6' 6",MICHAEL. MCCARRON,,78,78.50,81,79,85,77,82,75,83,76,83,75,72,76,74,75,84,85,85,80,80,71,72,80,68,65
BASE,C,TWF,RIGHT,185 lb,6' 0",DYLAN GAMBRELL,,78,78.90,84,80,79,80,84,77,82,77,82,80,76,80,77,77,78,80,78,80,65,78,70,79,73,69
BASE,C,TWF,LEFT,187 lb,6' 0",PARKER KELLY,,78,78.25,83,80,80,77,83,75,80,76,80,79,71,75,74,75,82,80,83,80,75,75,78,79,73,75
BASE,RW,GRN,RIGHT,205 lb,6' 4",AUSTIN WATSON,,78,79.15,82,80,83,80,82,75,82,76,82,76,75,76,75,75,83,83,85,84,75,75,78,80,60,60
BASE,LD,DFD,LEFT,214 lb,6' 4",NICK HOLDEN,,78,78.90,80,79,83,84,80,72,82,73,82,72,76,73,77,77,81,83,81,80,75,79,82,82,50,78
BASE,RD,DFD,RIGHT,205 lb,6' 2",TRAVIS HAMONIC,,78,77.95,80,78,82,80,80,70,82,70,82,72,74,70,75,74,82,82,82,80,80,80,82,82,50,70
BASE,RD,TWD,RIGHT,209 lb,6' 2",BRADEN SCHNEIDER,,78,78.55,81,79,82,79,81,70,82,72,82,75,75,72,75,75,82,82,82,80,80,80,82,83,55,77
BASE,C,TWF,RIGHT,201 lb,6' 0",RYAN CARPENTER,,78,78.50,82,80,81,79,82,77,81,77,81,78,73,77,76,77,80,80,80,80,75,74,77,78,74,80
BASE,RW,PWF,RIGHT,227 lb,6' 4",JULIEN GAUTHIER,,78,78.15,82,78,85,79,84,76,84,77,83,75,73,77,74,75,82,85,75,80,75,71,70,78,60,80
BASE,LW,PWF,LEFT,209 lb,6' 2",JONAH GADJOVICH,,78,78.60,81,78,85,77,81,76,83,77,83,74,71,77,73,74,85,85,85,80,85,72,75,80,60,70
BASE,RD,DFD,LEFT,187 lb,6' 1",MARKUS NUTIVAARA,,78,78.50,82,80,82,80,82,70,82,71,82,72,76,70,76,76,81,82,80,80,70,82,82,82,50,80
BASE,LD,TWD,LEFT,205 lb,6' 0",RADIM SIMEK,,78,78.85,83,81,82,82,83,72,82,73,81,78,75,72,75,75,80,82,80,75,67,79,82,80,50,72
BASE,LD,DFD,LEFT,205 lb,6' 1",MARC-EDOUARD VLASIC,,78,78.55,81,79,80,82,81,72,81,72,81,74,76,72,78,76,80,80,79,80,75,82,82,83,50,80
BASE,LD,DFD,LEFT,205 lb,6' 3",JON MERRILL,,78,77.90,80,78,82,80,80,71,81,72,80,70,77,70,76,76,80,82,80,83,75,81,81,81,55,75
BASE,C,TWF,LEFT,185 lb,5' 9",MARCO ROSSI,,78,78.15,83,81,80,70,83,78,80,78,80,80,74,78,77,78,77,80,79,75,65,74,75,78,73,80
BASE,LD,DFD,LEFT,201 lb,6' 1",DMITRY KULIKOV,,78,78.35,82,80,80,82,82,69,82,72,81,72,77,70,76,76,80,80,80,75,75,82,81,83,50,80
BASE,RW,PLY,LEFT,179 lb,5' 9",NIC PETAN,,78,77.75,85,83,75,75,85,78,81,78,80,82,77,78,78,78,69,78,70,85,63,77,70,78,73,80
BASE,LD,DFD,LEFT,218 lb,6' 3",JACOB MIDDLETON,,78,78.05,81,79,83,78,81,70,82,70,82,70,76,66,75,74,83,83,83,80,80,80,82,83,50,65
BASE,C,PWF,RIGHT,223 lb,6' 3",JOHN HAYDEN,,78,78.10,80,77,82,78,81,76,82,76,81,76,75,76,76,76,82,82,82,80,77,75,70,79,73,65
BASE,LD,TWD,LEFT,195 lb,6' 1",MICHAL KEMPNY,,78,78.50,84,82,80,82,84,74,82,72,82,73,73,72,75,75,80,80,80,75,67,78,82,80,50,78
BASE,RW,SNP,RIGHT,194 lb,6' 0",DANIEL SPRONG,,78,78.40,84,82,80,78,84,78,82,78,82,81,78,79,79,79,70,80,70,85,65,77,70,77,60,82
BASE,C,TWF,LEFT,205 lb,6' 1",DEVIN SHORE,,78,79.25,84,82,80,80,84,77,82,78,81,80,77,79,77,77,78,80,78,65,70,77,77,77,73,80
BASE,C,TWF,RIGHT,190 lb,5' 10",KARSON KUHLMAN,,78,78.00,83,81,79,78,83,75,81,77,80,77,75,77,76,76,77,79,76,80,70,75,75,80,73,79
BASE,RW,TWF,LEFT,201 lb,6' 1",BRANDON DUHAIME,,78,79.05,82,80,80,78,82,78,82,78,82,78,78,78,78,78,80,80,82,80,75,75,72,80,55,70
BASE,LD,OFD,LEFT,174 lb,5' 10",SCOTT PERUNOVICH,,78,78.65,84,83,77,79,85,75,81,75,81,79,80,77,81,80,70,78,77,80,69,76,77,78,50,75
BASE,RW,PWF,LEFT,187 lb,6' 3",ALEXEY TOROPCHENKO,,78,77.45,82,79,83,75,82,75,84,75,83,76,75,75,75,75,75,84,75,80,75,75,67,79,65,75
BASE,RD,DFD,RIGHT,227 lb,6' 3",ZACH BOGOSIAN,,78,77.50,79,77,85,80,80,67,82,68,82,70,72,70,74,73,82,85,82,71,80,80,80,82,50,65
BASE,C,TWF,RIGHT,170 lb,6' 1",ADAM GAUDETTE,,78,78.75,81,80,80,78,81,77,81,77,81,79,78,79,78,78,79,80,79,80,70,78,73,78,73,78
BASE,C,TWF,RIGHT,194 lb,6' 0",CURTIS LAZAR,,78,79.05,83,81,80,78,83,76,81,77,80,78,76,77,76,76,79,79,82,78,70,80,80,79,73,75
BASE,LD,DFD,LEFT,209 lb,6' 4",MARC STAAL,,78,78.10,80,77,82,82,80,72,82,73,82,73,73,70,74,74,82,82,80,75,75,80,82,82,50,77
BASE,RW,GRN,RIGHT,205 lb,6' 3",ZACK MACEWEN,,78,79.10,81,79,83,79,81,76,82,76,82,75,77,76,76,76,83,83,82,80,80,77,76,82,65,60
BASE,LD,TWD,LEFT,196 lb,6' 1",KYLE CAPOBIANCO,,77,77.30,81,79,80,80,83,69,82,69,82,77,73,70,75,75,77,80,77,79,75,77,80,80,50,77
BASE,LW,TWF,LEFT,185 lb,6' 0",AXEL JONSSON FJALLBY,,77,77.80,84,82,79,75,84,76,81,78,81,79,73,78,76,77,75,80,75,80,67,73,73,77,60,80
BASE,LD,DFD,LEFT,203 lb,6' 5",GABRIEL CARLSSON,,77,76.75,81,78,85,80,81,69,83,69,82,71,71,69,72,72,75,85,75,80,70,78,79,80,50,80
BASE,LD,TWD,LEFT,203 lb,6' 3",SIMON BENOIT,,77,77.40,81,79,82,75,81,71,82,72,82,75,68,70,74,72,82,82,82,80,75,76,82,80,50,75
BASE,RD,DFD,RIGHT,194 lb,6' 2",DYSIN MAYO,,77,77.45,81,77,82,77,82,70,82,70,82,73,71,70,74,73,82,82,81,80,77,77,82,81,55,75
BASE,LD,DFD,LEFT,227 lb,6' 4",PATRIK NEMETH,,77,77.60,81,76,85,82,81,69,82,69,82,69,73,65,73,73,83,85,80,75,80,79,82,83,50,65
BASE,RD,TWD,RIGHT,185 lb,5' 11",MARK FRIEDMAN,,77,78.10,84,82,79,80,84,70,82,70,81,78,75,73,75,75,79,79,79,80,70,78,79,80,50,78
BASE,LD,TWD,LEFT,196 lb,6' 1",GAVIN BAYREUTHER,,77,77.35,82,80,80,80,82,70,82,69,82,75,69,69,76,73,80,80,80,80,70,76,82,80,55,75
BASE,RD,DFD,RIGHT,223 lb,6' 5",ERIK GUDBRANSON,,77,77.80,77,75,85,82,77,67,83,67,83,69,73,69,75,73,85,85,83,80,80,80,85,83,50,65
BASE,LD,TWD,LEFT,190 lb,5' 11",JOEL HANLEY,,77,77.90,83,81,80,80,84,70,82,72,82,75,75,70,75,75,79,80,78,80,70,77,80,80,50,79
BASE,RW,TWF,LEFT,181 lb,6' 1",MARIAN STUDENIC,,77,77.50,84,82,80,75,84,76,82,77,81,78,72,77,75,76,77,80,77,80,65,71,70,76,67,85
BASE,RD,TWD,RIGHT,212 lb,6' 3",NICOLAS MELOCHE,,77,77.60,81,79,82,77,81,69,82,70,82,72,73,70,75,73,82,82,82,80,80,76,82,82,50,65
BASE,C,TWF,LEFT,174 lb,5' 11",JACK DRURY,,77,77.40,85,83,75,75,85,76,81,76,81,80,72,76,75,76,75,75,75,80,65,74,75,78,72,75
BASE,LD,TWD,LEFT,207 lb,6' 2",BEN HUTTON,,77,78.00,84,80,81,80,84,70,82,72,82,75,73,73,76,76,79,82,79,78,65,74,80,78,50,77
BASE,RD,TWD,RIGHT,194 lb,6' 2",JUSTIN BARRON,,77,77.30,81,79,81,75,81,72,82,72,82,75,71,70,74,75,80,81,78,80,75,75,82,80,50,77
BASE,RW,TWF,RIGHT,194 lb,6' 1",JAYSON MEGNA,,77,77.50,81,79,80,78,82,75,80,75,80,76,75,75,75,75,78,80,78,80,65,75,75,78,55,85
BASE,LW,ENF,LEFT,236 lb,6' 5",ROSS JOHINSTON,,77,77.90,78,76,84,75,78,74,82,74,82,72,74,75,74,74,85,85,85,85,87,74,77,80,60,55
BASE,LD,DFD,LEFT,205 lb,6' 2",MARK BOROWIECKI,,77,77.20,79,77,83,81,79,65,82,66,82,69,70,67,72,72,85,83,88,71,85,80,82,82,50,60
BASE,LD,DFD,LEFT,205 lb,6' 2",LIBOR HAJEK,,77,77.50,81,78,81,80,82,69,82,71,82,75,73,72,75,75,75,81,77,80,75,78,82,81,50,75
BASE,LW,TWF,LEFT,192 lb,6' 0",DRYDEN HUNT,,77,77.95,83,81,80,78,83,77,81,77,80,78,73,77,76,77,78,80,79,80,68,73,72,76,60,75
BASE,LD,OFD,LEFT,172 lb,5' 10",ZAC JONES,,77,77.35,84,82,75,78,84,72,81,73,82,80,78,72,78,78,72,75,72,80,65,78,75,78,50,85
BASE,RD,OFD,RIGHT,185 lb,6' 0",RYAN MERKLEY,,77,78.40,87,85,75,78,87,77,82,78,82,83,76,78,79,80,70,75,70,80,65,71,78,77,55,75
BASE,RD,TWD,RIGHT,203 lb,6' 1",MATT BENNING,,77,77.85,81,79,82,80,81,70,81,70,80,70,75,70,75,75,82,82,82,80,75,80,81,81,50,74
BASE,LW,PLY,LEFT,176 lb,5' 10",CONNOR DEWAR,,77,77.55,84,82,78,77,84,77,81,79,82,82,75,78,78,79,70,78,75,80,65,71,65,76,70,80
BASE,C,TWF,LEFT,192 lb,6' 0",GREG MCKEGG,,77,77.80,82,80,80,77,82,77,81,77,80,77,73,77,75,77,77,80,77,80,65,74,76,77,74,80
BASE,RD,DFD,RIGHT,216 lb,6' 4",ROBERT BORTUZZO,,77,77.35,80,77,83,82,79,65,82,67,82,69,71,67,74,74,83,83,83,75,83,80,83,83,50,65
BASE,LD,DFD,LEFT,185 lb,6' 4",NIKO MIKKOLA,,77,77.65,81,78,81,78,81,70,82,70,82,72,73,70,75,73,82,82,82,80,70,78,82,81,50,75
BASE,LW,GRN,LEFT,212 lb,6' 2",KYLE CLIFFORD,,77,78.05,80,78,83,77,80,73,82,74,82,73,70,73,73,74,85,85,87,78,90,73,79,80,60,60
BASE,RD,TWD,RIGHT,194 lb,6' 0",KYLE BURROUGHS,,77,77.30,83,80,79,78,83,66,81,69,80,79,74,69,74,74,80,79,80,80,75,77,80,81,55,65
BASE,C,PWF,LEFT,205 lb,6' 3",DAKOTA JOSHUA,,77,77.30,80,78,82,78,80,75,82,75,82,75,69,73,71,73,82,82,82,80,75,71,78,78,72,70
BASE,RD,DFD,RIGHT,216 lb,6' 4",TUCKER POOLMAN,,77,77.50,79,76,82,80,81,70,82,70,82,70,72,70,75,75,82,82,80,80,75,79,82,81,50,75
BASE,RD,DFD,RIGHT,207 lb,6' 0",RADKO GUDAS,,77,77.45,78,76,83,80,78,68,82,68,82,71,71,69,71,71,85,83,86,80,80,81,83,83,50,55
BASE,RD,OFD,RIGHT,179 lb,5' 10",JORDAN SPENCE,,77,77.65,82,81,75,75,82,73,79,75,79,80,81,78,82,81,70,74,70,80,65,78,77,81,55,85
BASE,C,TWF,RIGHT,214 lb,5' 11",PATRICK BROWN,,77,77.55,81,79,82,77,81,75,80,75,80,76,71,75,74,75,82,82,80,80,75,73,75,78,72,77
BASE,LD,TWD,LEFT,205 lb,6' 2",KEVIN CONNAUTON,,77,77.20,81,79,80,80,82,70,82,70,82,75,71,70,73,72,80,80,80,80,70,77,79,81,50,75
BASE,LW,PWF,LEFT,205 lb,6' 3",A.J. GREER,,77,78.00,81,79,83,75,81,75,82,76,82,75,71,76,72,73,85,83,85,80,80,71,75,80,60,55
BASE,C,TWF,LEFT,220 lb,6' 2",MORGAN BARRON,,76,76.90,82,80,80,75,82,75,81,76,76,79,72,76,75,76,79,80,79,80,65,71,68,76,71,75
BASE,LD,DFD,LEFT,190 lb,6' 2",MATT IRWIN,,76,76.95,80,78,82,78,80,70,80,70,80,74,70,72,73,74,81,82,82,79,75,75,79,79,50,78
BASE,RD,DFD,RIGHT,216 lb,6' 5",JOSH BROWN,,76,76.85,79,77,83,80,79,70,82,70,82,70,69,69,72,73,83,83,83,80,75,74,81,78,50,70
BASE,C,TWF,LEFT,181 lb,6' 1",JACOB PETERSON,,76,75.45,80,80,70,70,80,74,77,76,78,77,79,73,77,77,69,75,69,80,70,79,69,80,71,80
BASE,C,SNP,RIGHT,187 lb,5' 9",OSKAR STEEN,,76,76.95,85,84,75,75,85,77,82,77,82,80,72,80,75,76,73,75,70,80,65,72,70,74,71,80
BASE,C,PLY,LEFT,185 lb,5' 11",PEYTON KREBS,,76,76.70,82,80,74,70,83,72,80,76,80,78,81,77,79,79,69,71,71,75,60,76,74,82,71,75
BASE,RD,TWD,RIGHT,229 lb,6' 4",SHEA WEBER,,76,76.30,75,73,85,84,75,72,75,73,75,70,67,70,80,79,85,85,82,70,85,66,75,80,50,75
BASE,LD,DFD,LEFT,201 lb,6' 2",BRENDAN SMITH,,76,77.10,79,77,82,80,80,69,82,70,82,70,69,70,74,74,82,82,82,80,75,76,82,80,50,65
BASE,RW,GRN,RIGHT,192 lb,6' 1",REESE JOHNSON,,76,76.10,82,79,82,70,82,70,82,72,82,73,69,73,69,70,82,82,84,80,80,71,70,78,60,65
BASE,RD,DFD,LEFT,234 lb,6' 5",KURTIS MACDERMID,,76,77.10,79,77,85,80,79,69,82,70,82,70,65,70,72,70,85,85,85,80,85,74,83,80,50,55
BASE,C,SNP,RIGHT,214 lb,6' 2",SCOTT REEDY,,76,76.45,82,81,80,79,82,74,80,75,80,74,77,74,75,75,70,80,75,80,70,71,65,80,71,80
BASE,RD,DFD,RIGHT,216 lb,6' 7",ANDREJ SUSTR,,76,76.60,80,78,82,80,80,66,80,66,80,68,72,67,72,72,82,82,82,80,80,79,82,82,55,70
BASE,RD,DFD,RIGHT,198 lb,6' 3",WILL BORGEN,,76,76.10,80,78,81,80,80,74,81,65,81,68,68,65,69,69,81,82,81,80,75,77,81,81,55,75
BASE,LD,TWD,LEFT,198 lb,6' 3",PHILIP BROBERG,,76,75.35,79,76,79,65,79,70,79,72,78,75,76,72,77,77,72,78,72,55,62,79,75,77,55,60
BASE,LW,TWF,LEFT,196 lb,6' 0",JAKE NEIGHBOURS,,76,76.35,82,80,80,65,82,75,83,76,82,75,71,76,74,75,80,80,80,80,75,71,65,75,60,77
BASE,LW,TWF,LEFT,185 lb,5' 8",NATHAN WALKER,,76,76.45,83,81,78,76,83,73,80,75,80,75,74,75,74,74,77,78,75,75,65,73,70,75,65,77
BASE,LD,DFD,LEFT,196 lb,6' 2",JORDIE BENN,,76,76.10,78,75,82,80,78,65,81,67,81,70,67,70,72,72,82,82,82,75,77,77,81,80,50,78
BASE,RW,PLY,RIGHT,176 lb,5' 9",DENIS MALGIN,,76,76.90,84,82,72,79,84,74,80,75,80,81,77,77,78,78,70,72,70,74,65,77,70,78,68,83
BASE,LW,GRN,LEFT,217 lb,6' 1",MICHEAL FERLAND,,76,76.95,81,75,79,80,81,75,81,75,81,75,65,75,75,75,83,80,83,65,85,65,77,78,62,65
BASE,LD,TWD,LEFT,190 lb,6' 0",LUCAS CARLSSON,,76,76.35,82,80,78,77,82,69,79,70,79,72,73,72,74,74,77,78,78,80,70,77,77,79,55,75
BASE,RW,TWF,LEFT,207 lb,6' 4",SAKU MAENALANEN,,75,74.85,79,75,75,72,79,72,78,74,77,75,79,78,78,78,65,77,65,75,64,78,65,78,62,69
BASE,C,TWF,RIGHT,205 lb,6' 2",RYAN KESLER,,75,75.25,77,75,75,75,77,75,75,75,75,79,70,78,75,75,75,79,75,65,85,70,75,75,84,70
BASE,LW,GRN,LEFT,220 lb,6' 1",BOKONDJI IMAMA,,75,75.85,80,78,85,75,80,69,82,70,82,69,66,70,69,70,85,85,85,80,80,67,70,80,60,60
BASE,C,GRN,LEFT,214 lb,6' 1",LIAM O'BRIEN,,75,75.40,81,79,80,75,80,70,81,70,82,70,66,69,69,70,80,82,85,80,80,71,70,78,70,55
BASE,C,TWF,RIGHT,191 lb,6' 0",BRYAN LITTLE,,75,76.00,84,82,80,80,84,75,80,75,82,75,65,75,75,75,79,80,79,70,70,65,65,65,76,78
BASE,LD,DFD,LEFT,216 lb,6' 4",MASON GEERTSEN,,75,75.85,80,78,85,79,80,65,83,65,83,65,64,65,69,68,85,85,85,80,81,71,82,80,50,60
BASE,RD,TWD,RIGHT,220 lb,6' 3",BRENT SEABROOK,,75,76.40,77,73,83,83,77,65,81,65,81,73,65,73,77,77,82,83,82,60,85,65,84,82,50,75
BASE,LD,DFD,LEFT,201 lb,6' 2",NICK SEELER,,75,74.65,79,77,82,80,79,55,81,55,81,65,70,60,72,70,82,82,85,83,80,78,80,80,50,62
BASE,C,TWF,LEFT,201 lb,5' 9",JORDAN KAWAGUCHI,,75,75.35,84,82,80,76,84,71,80,72,80,72,68,72,71,72,75,80,75,80,75,68,70,75,70,75
BASE,C,SNP,RIGHT,181 lb,5' 9",JUSTIN DANFORTH,,74,74.25,79,75,75,71,79,72,76,73,75,70,78,75,77,77,70,73,71,70,70,79,67,73,69,69
BASE,LW,GRN,LEFT,205 lb,6' 0",JEFFREY VIEL,,74,75.15,80,78,83,72,80,69,82,69,81,69,65,69,68,69,83,83,85,80,80,65,75,78,60,60
BASE,RD,DFD,RIGHT,196 lb,6' 2",BRADY KEEPER,,74,75.20,80,78,82,78,80,65,82,65,82,70,66,65,71,68,82,82,83,80,80,69,78,78,50,65
BASE,C,TWF,RIGHT,194 lb,6' 0",CHASE WOUTERS,,74,74.10,79,77,78,70,80,72,79,72,79,75,68,72,71,72,77,78,77,80,75,68,63,75,69,65
BASE,LW,GRN,RIGHT,218 lb,6' 3",ADAM PAYERL, ,73,73.10,78,76,82,72,78,66,76,68,76,65,69,67,68,68,80,79,83,75,80,70,68,73,62,57
BASE,LD,TWD,LEFT,165 lb,5' 10",CONNOR FEDERKOW,  ,61,61.70,74,72,59,60,73,55,72,56,72,55,60,55,57,57,59,59,57,80,67,63,60,59,45,75